Product,URL,Angle,Bundle Diameter Max.,Bundle Diameter Min.,Length,Material,Mounting Hole Diameter
"Series 6 Ratchet Clamp, 0.5 - 0.77"" Bundle Dia, 0.81"" x 1.81"" Hook, PA66HIRHSUV/ZN, Black, 280/ctn",https://www.hellermanntyton.us/products/151-02875/,180 °,19.5 mm,12.7 mm,115.4 mm,"Polyamide 6.6 high impact modified, heat and UV stabilized (PA66HIRHSUV);Zinc plated (ZN)",5.6 mm
"Ratchet P-Clamp, 0.52 - 0.77"" Bundle Dia, 90° Short, 0.33"" Hole Dia, PA66HIRHSUV/ST/ZN, Black, 280/ctn",https://www.hellermanntyton.us/products/151-01457/,90 °,19.5 mm,12.7 mm,101.9 mm,"Polyamide 6.6 high impact modified, heat and UV stabilized (PA66HIRHSUV);Steel (ST);Zinc plated (ZN)",8.31 mm
"Ratchet P-Clamp, 0.52 - 0.77"" Bundle Dia, 180° Short, 0.41"" Hole Dia, PA66HIRHSUV/ST/ZN, Black, 280/ctn",https://www.hellermanntyton.us/products/151-01390/,180 °,19.5 mm,12.7 mm,116.2 mm,"Polyamide 6.6 high impact modified, heat and UV stabilized (PA66HIRHSUV);Steel (ST);Zinc plated (ZN)",10.29 mm
"Ratchet P-Clamp, 0.50 - 0.77"" Bundle Dia, 180° Short, 0.41"" Hole Dia, PA66HIRHSUV/ST/ZN, Black, 20/bg",https://www.hellermanntyton.us/products/151-03037/,180 °,19.5 mm,12.7 mm,116.2 mm,"Polyamide 6.6 high impact modified, heat and UV stabilized (PA66HIRHSUV);Steel (ST);Zinc plated (ZN)",10.29 mm
"Ratchet P-Clamp, 0.52 - 0.77"" Bundle Dia, 180° Short, 0.41"" Hole Dia, PA66HIRHSUV/ST/ZN, Orange, 280/ctn",https://www.hellermanntyton.us/products/151-03460/,180 °,19.5 mm,12.7 mm,116.2 mm,"Polyamide 6.6 high impact modified, heat and UV stabilized (PA66HIRHSUV);Steel (ST);Zinc plated (ZN)",10.29 mm
"Series 6 Ratchet Clamp, 0.5 - 0.77"" Bundle Dia, PA66HIRHSUV/ZN, 280/ctn",https://www.hellermanntyton.us/products/151-03620/,,19.5 mm,12.7 mm,134.4 mm,"Polyamide 6.6 high impact modified, heat and UV stabilized (PA66HIRHSUV);Zinc plated (ZN)",
"Ratchet P-Clamp, 0.52 - 0.77"" Bundle Dia, 15° Short, 0.41"" Hole Dia, PA66HIRHSUV/ST/ZN, Black, 280/ctn",https://www.hellermanntyton.us/products/151-01449/,15 °,19.5 mm,12.7 mm,115.6 mm,"Polyamide 6.6 high impact modified, heat and UV stabilized (PA66HIRHSUV);Steel (ST);Zinc plated (ZN)",10.29 mm
"Ratchet P-Clamp, 0.52 - 0.77"" Bundle Dia, 15° Short, 0.41"" Hole Dia, PA66HIRHSUV/SS304, Black, 280/ctn",https://www.hellermanntyton.us/products/151-01957/,15 °,19.5 mm,12.7 mm,115.6 mm,"Polyamide 6.6 high impact modified, heat and UV stabilized (PA66HIRHSUV);Stainless Steel (SS304)",10.29 mm
"Ratchet P-Clamp, 0.52 - 0.77"" Bundle Dia, 15° Short, 0.51"" Hole Dia, PA66HIRHSUV/ST/ZN, Black, 280/ctn",https://www.hellermanntyton.us/products/151-01450/,15 °,19.5 mm,12.7 mm,115.6 mm,"Polyamide 6.6 high impact modified, heat and UV stabilized (PA66HIRHSUV);Steel (ST);Zinc plated (ZN)",12.95 mm
"Ratchet P-Clamp, 0.52 - 0.77"" Bundle Dia, 15° Short, 0.51"" Hole Dia, PA66HIRHSUV/SS304, Black, 280/ctn",https://www.hellermanntyton.us/products/151-01958/,15 °,19.5 mm,12.7 mm,115.6 mm,"Polyamide 6.6 high impact modified, heat and UV stabilized (PA66HIRHSUV);Stainless Steel (SS304)",12.95 mm
"Ratchet P-Clamp, 0.52 - 0.77"" Bundle Dia, 15° Short, 0.26"" Hole Dia, PA66HIRHSUV/ST/ZN, Black, 280/ctn",https://www.hellermanntyton.us/products/151-01648/,15 °,19.5 mm,12.7 mm,115.6 mm,"Polyamide 6.6 high impact modified, heat and UV stabilized (PA66HIRHSUV);Steel (ST);Zinc plated (ZN)",6.5 mm
"Ratchet P-Clamp, 0.52 - 0.77"" Bundle Dia, 15° Short, 0.26"" Hole Dia, PA66HIRHSUV/SS304, Black, 280/ctn",https://www.hellermanntyton.us/products/151-01955/,15 °,19.5 mm,12.7 mm,115.6 mm,"Polyamide 6.6 high impact modified, heat and UV stabilized (PA66HIRHSUV);Stainless Steel (SS304)",6.5 mm
"Ratchet P-Clamp, 0.52 - 0.77"" Bundle Dia, 15° Short, 0.33"" Hole Dia, PA66HIRHSUV/ST/ZN, Black, 280/ctn",https://www.hellermanntyton.us/products/151-01448/,15 °,19.5 mm,12.7 mm,115.6 mm,"Polyamide 6.6 high impact modified, heat and UV stabilized (PA66HIRHSUV);Steel (ST);Zinc plated (ZN)",8.31 mm
"Ratchet P-Clamp, 0.52 - 0.77"" Bundle Dia, 15° Short, 0.33"" Hole Dia, PA66HIRHSUV/SS304, Black, 200/ctn",https://www.hellermanntyton.us/products/151-01956/,15 °,19.5 mm,12.7 mm,115.6 mm,"Polyamide 6.6 high impact modified, heat and UV stabilized (PA66HIRHSUV);Stainless Steel (SS304)",8.31 mm
"Ratchet P-Clamp, 0.52 - 0.77"" Bundle Dia, 180° Long, 0.41"" Hole Dia, PA66HIRHSUV/ST/ZN, Black, 200/ctn",https://www.hellermanntyton.us/products/151-01446/,180 °,19.5 mm,12.7 mm,167.2 mm,"Polyamide 6.6 high impact modified, heat and UV stabilized (PA66HIRHSUV);Steel (ST);Zinc plated (ZN)",10.29 mm
"Ratchet P-Clamp, 0.52 - 0.77"" Bundle Dia, 180° Long, 0.51"" Hole Dia, PA66HIRHSUV/ST/ZN, Black, 200/ctn",https://www.hellermanntyton.us/products/151-01447/,180 °,19.5 mm,12.7 mm,167.2 mm,"Polyamide 6.6 high impact modified, heat and UV stabilized (PA66HIRHSUV);Steel (ST);Zinc plated (ZN)",12.95 mm
"Ratchet P-Clamp, 0.52 - 0.77"" Bundle Dia, 180° Long, 0.41"" Hole Dia, PA66HIRHSUV/SS304, Black, 200/ctn",https://www.hellermanntyton.us/products/151-01953/,180 °,19.5 mm,12.7 mm,167.2 mm,"Polyamide 6.6 high impact modified, heat and UV stabilized (PA66HIRHSUV);Stainless Steel (SS304)",10.29 mm
"Ratchet P-Clamp, 0.52 - 0.77"" Bundle Dia, 180° Long, 0.51"" Hole Dia, PA66HIRHSUV/SS304, Black, 200/ctn",https://www.hellermanntyton.us/products/151-01954/,180 °,19.5 mm,12.7 mm,167.2 mm,"Polyamide 6.6 high impact modified, heat and UV stabilized (PA66HIRHSUV);Stainless Steel (SS304)",12.95 mm
"Ratchet P-Clamp, 0.52 - 0.77"" Bundle Dia, 180° Long, 0.26"" Hole Dia, PA66HIRHSUV/SS304, Black, 200/ctn",https://www.hellermanntyton.us/products/151-01951/,180 °,19.5 mm,12.7 mm,167.2 mm,"Polyamide 6.6 high impact modified, heat and UV stabilized (PA66HIRHSUV);Stainless Steel (SS304)",6.5 mm
"Ratchet P-Clamp, 0.52 - 0.77"" Bundle Dia, 180° Long, 0.26"" Hole Dia, PA66HIRHSUV/ST/ZN, Black, 200/ctn",https://www.hellermanntyton.us/products/151-01647/,180 °,19.5 mm,12.7 mm,167.2 mm,"Polyamide 6.6 high impact modified, heat and UV stabilized (PA66HIRHSUV);Steel (ST);Zinc plated (ZN)",6.5 mm
"Ratchet P-Clamp, 0.52 - 0.77"" Bundle Dia, 180° Long, 0.33"" Hole Dia, PA66HIRHSUV/ST/ZN, Black, 200/ctn",https://www.hellermanntyton.us/products/151-01445/,180 °,19.5 mm,12.7 mm,167.2 mm,"Polyamide 6.6 high impact modified, heat and UV stabilized (PA66HIRHSUV);Steel (ST);Zinc plated (ZN)",8.31 mm
"Ratchet P-Clamp, 0.52 - 0.77"" Bundle Dia, 180° Long, 0.33"" Hole Dia, PA66HIRHSUV/SS304, Black, 200/ctn",https://www.hellermanntyton.us/products/151-01952/,180 °,19.5 mm,12.7 mm,167.2 mm,"Polyamide 6.6 high impact modified, heat and UV stabilized (PA66HIRHSUV);Stainless Steel (SS304)",8.31 mm
"Ratchet P-Clamp, 0.52 - 0.77"" Bundle Dia, 180° Medium, 0.41"" Hole Dia, PA66HIRHSUV/ST/ZN, Black, 200/ctn",https://www.hellermanntyton.us/products/151-01443/,180 °,19.5 mm,12.7 mm,138.2 mm,"Polyamide 6.6 high impact modified, heat and UV stabilized (PA66HIRHSUV);Steel (ST);Zinc plated (ZN)",10.29 mm
"Ratchet P-Clamp, 0.52 - 0.77"" Bundle Dia, 180° Medium, 0.41"" Hole Dia, PA66HIRHSUV/SS304, Black, 200/ctn",https://www.hellermanntyton.us/products/151-01949/,180 °,19.5 mm,12.7 mm,138.2 mm,"Polyamide 6.6 high impact modified, heat and UV stabilized (PA66HIRHSUV);Stainless Steel (SS304)",10.29 mm
"Ratchet P-Clamp, 0.52 - 0.77"" Bundle Dia, 180° Medium, 0.51"" Hole Dia, PA66HIRHSUV/SS304, Black, 200/ctn",https://www.hellermanntyton.us/products/151-01950/,180 °,19.5 mm,12.7 mm,138.2 mm,"Polyamide 6.6 high impact modified, heat and UV stabilized (PA66HIRHSUV);Stainless Steel (SS304)",12.95 mm
"Ratchet P-Clamp, 0.52 - 0.77"" Bundle Dia, 180° Medium, 0.51"" Hole Dia, PA66HIRHSUV/ST/ZN, Black, 200/ctn",https://www.hellermanntyton.us/products/151-01444/,180 °,19.5 mm,12.7 mm,138.2 mm,"Polyamide 6.6 high impact modified, heat and UV stabilized (PA66HIRHSUV);Steel (ST);Zinc plated (ZN)",12.95 mm
"Ratchet P-Clamp, 0.52 - 0.77"" Bundle Dia, 180° Medium, 0.26"" Hole Dia, PA66HIRHSUV/ST/ZN, Black, 200/ctn",https://www.hellermanntyton.us/products/151-01646/,180 °,19.5 mm,12.7 mm,138.2 mm,"Polyamide 6.6 high impact modified, heat and UV stabilized (PA66HIRHSUV);Steel (ST);Zinc plated (ZN)",6.5 mm
"Ratchet P-Clamp, 0.52 - 0.77"" Bundle Dia, 180° Medium, 0.26"" Hole Dia, PA66HIRHSUV/SS304, Black, 200/ctn",https://www.hellermanntyton.us/products/151-01947/,180 °,19.5 mm,12.7 mm,138.2 mm,"Polyamide 6.6 high impact modified, heat and UV stabilized (PA66HIRHSUV);Stainless Steel (SS304)",6.5 mm
"Ratchet P-Clamp, 0.52 - 0.77"" Bundle Dia, 180° Medium, 0.33"" Hole Dia, PA66HIRHSUV/ST/ZN, Black, 200/ctn",https://www.hellermanntyton.us/products/151-01442/,180 °,19.5 mm,12.7 mm,138.2 mm,"Polyamide 6.6 high impact modified, heat and UV stabilized (PA66HIRHSUV);Steel (ST);Zinc plated (ZN)",8.31 mm
"Ratchet P-Clamp, 0.52 - 0.77"" Bundle Dia, 180° Medium, 0.33"" Hole Dia, PA66HIRHSUV/SS304, Black, 200/ctn",https://www.hellermanntyton.us/products/151-01948/,180 °,19.5 mm,12.7 mm,138.2 mm,"Polyamide 6.6 high impact modified, heat and UV stabilized (PA66HIRHSUV);Stainless Steel (SS304)",8.31 mm
"Ratchet P-Clamp, 0.52 - 0.77"" Bundle Dia, 180° Short, 0.41"" Hole Dia, PA66HIRHSUV/SS304, Black, 280/ctn",https://www.hellermanntyton.us/products/151-01945/,180 °,19.5 mm,12.7 mm,116.2 mm,"Polyamide 6.6 high impact modified, heat and UV stabilized (PA66HIRHSUV);Stainless Steel (SS304)",10.29 mm
"Ratchet P-Clamp, 0.52 - 0.77"" Bundle Dia, 180° Short, 0.41"" Hole Dia, PA666V0/SS304, Black, 280/ctn",https://www.hellermanntyton.us/products/151-03005/,180 °,19.5 mm,12.7 mm,116.2 mm,"Polyamide 6.6/6, V0 (PA666V0);Stainless Steel (SS304)",10.4 mm
"Ratchet P-Clamp, 0.52 - 0.77"" Bundle Dia, 180° Short, 0.51"" Hole Dia, PA66HIRHSUV/ST/ZN, Black, 280/ctn",https://www.hellermanntyton.us/products/151-01441/,180 °,19.5 mm,12.7 mm,116.2 mm,"Polyamide 6.6 high impact modified, heat and UV stabilized (PA66HIRHSUV);Steel (ST);Zinc plated (ZN)",12.95 mm
"Ratchet P-Clamp, 0.52 - 0.77"" Bundle Dia, 180° Short, 0.51"" Hole Dia, PA66HIRHSUV/SS304, Black, 280/ctn",https://www.hellermanntyton.us/products/151-01946/,180 °,19.5 mm,12.7 mm,116.2 mm,"Polyamide 6.6 high impact modified, heat and UV stabilized (PA66HIRHSUV);Stainless Steel (SS304)",12.95 mm
"Ratchet P-Clamp, 0.52 - 0.77"" Bundle Dia, 180° Short, 0.26"" Hole Dia, PA66HIRHSUV/ST/ZN, Black, 280/ctn",https://www.hellermanntyton.us/products/151-01645/,180 °,19.5 mm,12.7 mm,116.2 mm,"Polyamide 6.6 high impact modified, heat and UV stabilized (PA66HIRHSUV);Steel (ST);Zinc plated (ZN)",6.5 mm
"Ratchet P-Clamp, 0.52 - 0.77"" Bundle Dia, 180° Short, 0.26"" Hole Dia, PA66HIRHSUV/ST/ZN, Black, 5/bg",https://www.hellermanntyton.us/products/151-01671/,180 °,19.5 mm,12.7 mm,116.2 mm,"Polyamide 6.6 high impact modified, heat and UV stabilized (PA66HIRHSUV);Steel (ST);Zinc plated (ZN)",6.5 mm
"Ratchet P-Clamp, 0.50 - 0.77"" Bundle Dia, 180° Short, 0.26"" Hole Dia, PA66HIRHSUV/ST/ZN, Black, 20/bg",https://www.hellermanntyton.us/products/151-03038/,180 °,19.5 mm,12.7 mm,116.2 mm,"Polyamide 6.6 high impact modified, heat and UV stabilized (PA66HIRHSUV);Steel (ST);Zinc plated (ZN)",6.5 mm
"Ratchet P-Clamp, 0.52 - 0.77"" Bundle Dia, 180° Short, 0.26"" Hole Dia, PA66HIRHSUV/SS304, Black, 280/ctn",https://www.hellermanntyton.us/products/151-01943/,180 °,19.5 mm,12.7 mm,116.2 mm,"Polyamide 6.6 high impact modified, heat and UV stabilized (PA66HIRHSUV);Stainless Steel (SS304)",6.5 mm
"Ratchet P-Clamp, 0.52 - 0.77"" Bundle Dia, 180° Short, 0.33"" Hole Dia, PA66HIRHSUV/SS304, Black, 280/ctn",https://www.hellermanntyton.us/products/151-01944/,180 °,19.5 mm,12.7 mm,116.2 mm,"Polyamide 6.6 high impact modified, heat and UV stabilized (PA66HIRHSUV);Stainless Steel (SS304)",8.31 mm
"Ratchet P-Clamp, 0.52 - 0.77"" Bundle Dia, 30° Long, 0.41"" Hole Dia, PA66HIRHSUV/ST/ZN, Black, 200/ctn",https://www.hellermanntyton.us/products/151-01455/,30 °,19.5 mm,12.7 mm,150.5 mm,"Polyamide 6.6 high impact modified, heat and UV stabilized (PA66HIRHSUV);Steel (ST);Zinc plated (ZN)",10.29 mm
"Ratchet P-Clamp, 0.52 - 0.77"" Bundle Dia, 180° Short, 0.33"" Hole Dia, PA66HIRHSUV/ST/ZN, Black, 280/ctn",https://www.hellermanntyton.us/products/151-01440/,180 °,19.5 mm,12.7 mm,116.2 mm,"Polyamide 6.6 high impact modified, heat and UV stabilized (PA66HIRHSUV);Steel (ST);Zinc plated (ZN)",8.31 mm
"Ratchet P-Clamp, 0.50 - 0.77"" Bundle Dia, 180° Short, 0.33"" Hole Dia, PA66HIRHSUV/ST/ZN, Black, 20/bg",https://www.hellermanntyton.us/products/151-03039/,180 °,19.5 mm,12.7 mm,116.2 mm,"Polyamide 6.6 high impact modified, heat and UV stabilized (PA66HIRHSUV);Steel (ST);Zinc plated (ZN)",8.31 mm
"Ratchet P-Clamp, 0.52 - 0.77"" Bundle Dia, 180° Short, 0.33"" Hole Dia, PA666V0/ST/ZN, Black, 280/ctn",https://www.hellermanntyton.us/products/151-03013/,180 °,19.5 mm,12.7 mm,116.2 mm,"Polyamide 6.6/6, V0 (PA666V0);Steel (ST);Zinc plated (ZN)",8.4 mm
"Ratchet P-Clamp, 0.52 - 0.77"" Bundle Dia, 30° Long, 0.41"" Hole Dia, PA66HIRHSUV/SS304, Black, 200/ctn",https://www.hellermanntyton.us/products/151-01965/,30 °,19.5 mm,12.7 mm,150.5 mm,"Polyamide 6.6 high impact modified, heat and UV stabilized (PA66HIRHSUV);Stainless Steel (SS304)",10.29 mm
"Ratchet P-Clamp, 0.52 - 0.77"" Bundle Dia, 30° Long, 0.51"" Hole Dia, PA66HIRHSUV/ST/ZN, Black, 200/ctn",https://www.hellermanntyton.us/products/151-01456/,30 °,19.5 mm,12.7 mm,150.5 mm,"Polyamide 6.6 high impact modified, heat and UV stabilized (PA66HIRHSUV);Steel (ST);Zinc plated (ZN)",12.95 mm
"Ratchet P-Clamp, 0.52 - 0.77"" Bundle Dia, 30° Long, 0.51"" Hole Dia, PA66HIRHSUV/SS304, Black, 200/ctn",https://www.hellermanntyton.us/products/151-01966/,30 °,19.5 mm,12.7 mm,150.5 mm,"Polyamide 6.6 high impact modified, heat and UV stabilized (PA66HIRHSUV);Stainless Steel (SS304)",12.95 mm
"Ratchet P-Clamp, 0.52 - 0.77"" Bundle Dia, 30° Long, 0.26"" Hole Dia, PA66HIRHSUV/ST/ZN, Black, 200/ctn",https://www.hellermanntyton.us/products/151-01650/,30 °,19.5 mm,12.7 mm,150.5 mm,"Polyamide 6.6 high impact modified, heat and UV stabilized (PA66HIRHSUV);Steel (ST);Zinc plated (ZN)",6.5 mm
"Ratchet P-Clamp, 0.52 - 0.77"" Bundle Dia, 30° Long, 0.26"" Hole Dia, PA66HIRHSUV/SS304, Black, 200/ctn",https://www.hellermanntyton.us/products/151-01963/,30 °,19.5 mm,12.7 mm,150.5 mm,"Polyamide 6.6 high impact modified, heat and UV stabilized (PA66HIRHSUV);Stainless Steel (SS304)",6.5 mm
"Ratchet P-Clamp, 0.52 - 0.77"" Bundle Dia, 30° Long, 0.33"" Hole Dia, PA66HIRHSUV/ST/ZN, Black, 200/ctn",https://www.hellermanntyton.us/products/151-01454/,30 °,19.5 mm,12.7 mm,150.5 mm,"Polyamide 6.6 high impact modified, heat and UV stabilized (PA66HIRHSUV);Steel (ST);Zinc plated (ZN)",8.31 mm
"Ratchet P-Clamp, 0.52 - 0.77"" Bundle Dia, 30° Long, 0.33"" Hole Dia, PA66HIRHSUV/SS304, Black, 200/ctn",https://www.hellermanntyton.us/products/151-01964/,30 °,19.5 mm,12.7 mm,150.5 mm,"Polyamide 6.6 high impact modified, heat and UV stabilized (PA66HIRHSUV);Stainless Steel (SS304)",8.31 mm
"Ratchet P-Clamp, 0.52 - 0.77"" Bundle Dia, 30° Short, 0.41"" Hole Dia, PA66HIRHSUV/ST/ZN, Black, 280/ctn",https://www.hellermanntyton.us/products/151-01452/,30 °,19.5 mm,12.7 mm,113.5 mm,"Polyamide 6.6 high impact modified, heat and UV stabilized (PA66HIRHSUV);Steel (ST);Zinc plated (ZN)",10.29 mm
"Ratchet P-Clamp, 0.52 - 0.77"" Bundle Dia, 30° Short, 0.41"" Hole Dia, PA66HIRHSUV/SS304, Black, 280/ctn",https://www.hellermanntyton.us/products/151-01961/,30 °,19.5 mm,12.7 mm,113.5 mm,"Polyamide 6.6 high impact modified, heat and UV stabilized (PA66HIRHSUV);Stainless Steel (SS304)",10.29 mm
"Ratchet P-Clamp, 0.52 - 0.77"" Bundle Dia, 30° Short, 0.51"" Hole Dia, PA66HIRHSUV/ST/ZN, Black, 280/ctn",https://www.hellermanntyton.us/products/151-01453/,30 °,19.5 mm,12.7 mm,113.5 mm,"Polyamide 6.6 high impact modified, heat and UV stabilized (PA66HIRHSUV);Steel (ST);Zinc plated (ZN)",12.95 mm
"Ratchet P-Clamp, 0.52 - 0.77"" Bundle Dia, 30° Short, 0.51"" Hole Dia, PA66HIRHSUV/SS304, Black, 280/ctn",https://www.hellermanntyton.us/products/151-01962/,30 °,19.5 mm,12.7 mm,113.5 mm,"Polyamide 6.6 high impact modified, heat and UV stabilized (PA66HIRHSUV);Stainless Steel (SS304)",12.95 mm
"Ratchet P-Clamp, 0.52 - 0.77"" Bundle Dia, 30° Short, 0.26"" Hole Dia, PA66HIRHSUV/ST/ZN, Black, 280/ctn",https://www.hellermanntyton.us/products/151-01649/,30 °,19.5 mm,12.7 mm,113.5 mm,"Polyamide 6.6 high impact modified, heat and UV stabilized (PA66HIRHSUV);Steel (ST);Zinc plated (ZN)",6.5 mm
"Ratchet P-Clamp, 0.52 - 0.77"" Bundle Dia, 30° Short, 0.26"" Hole Dia, PA66HIRHSUV/SS304, Black, 280/ctn",https://www.hellermanntyton.us/products/151-01959/,30 °,19.5 mm,12.7 mm,113.5 mm,"Polyamide 6.6 high impact modified, heat and UV stabilized (PA66HIRHSUV);Stainless Steel (SS304)",6.5 mm
"Ratchet P-Clamp, 0.52 - 0.77"" Bundle Dia, 30° Short, 0.33"" Hole Dia, PA66HIRHSUV/ST/ZN, Black, 280/ctn",https://www.hellermanntyton.us/products/151-01451/,30 °,19.5 mm,12.7 mm,113.5 mm,"Polyamide 6.6 high impact modified, heat and UV stabilized (PA66HIRHSUV);Steel (ST);Zinc plated (ZN)",8.31 mm
"Ratchet P-Clamp, 0.52 - 0.77"" Bundle Dia, 30° Short, 0.33"" Hole Dia, PA66HIRHSUV/SS304, Black, 280/ctn",https://www.hellermanntyton.us/products/151-01960/,30 °,19.5 mm,12.7 mm,113.5 mm,"Polyamide 6.6 high impact modified, heat and UV stabilized (PA66HIRHSUV);Stainless Steel (SS304)",8.31 mm
"Ratchet P-Clamp, 0.52 - 0.77"" Bundle Dia, 90° Long, 0.41"" Hole Dia, PA66HIRHSUV/ST/ZN, Black, 200/ctn",https://www.hellermanntyton.us/products/151-01461/,90 °,19.5 mm,12.7 mm,129.9 mm,"Polyamide 6.6 high impact modified, heat and UV stabilized (PA66HIRHSUV);Steel (ST);Zinc plated (ZN)",10.29 mm
"Ratchet P-Clamp, 0.52 - 0.77"" Bundle Dia, 90° Long, 0.41"" Hole Dia, PA66HIRHSUV/SS304, Black, 200/ctn",https://www.hellermanntyton.us/products/151-01973/,90 °,19.5 mm,12.7 mm,129.9 mm,"Polyamide 6.6 high impact modified, heat and UV stabilized (PA66HIRHSUV);Stainless Steel (SS304)",10.29 mm
"Ratchet P-Clamp, 0.52 - 0.77"" Bundle Dia, 90° Long, 0.51"" Hole Dia, PA66HIRHSUV/ST/ZN, Black, 200/ctn",https://www.hellermanntyton.us/products/151-01462/,90 °,19.5 mm,12.7 mm,129.9 mm,"Polyamide 6.6 high impact modified, heat and UV stabilized (PA66HIRHSUV);Steel (ST);Zinc plated (ZN)",12.95 mm
"Ratchet P-Clamp, 0.52 - 0.77"" Bundle Dia, 90° Long, 0.51"" Hole Dia, PA66HIRHSUV/SS304, Black, 200/ctn",https://www.hellermanntyton.us/products/151-01974/,90 °,19.5 mm,12.7 mm,129.9 mm,"Polyamide 6.6 high impact modified, heat and UV stabilized (PA66HIRHSUV);Stainless Steel (SS304)",12.95 mm
"Ratchet P-Clamp, 0.52 - 0.77"" Bundle Dia, 90° Long, 0.26"" Hole Dia, PA66HIRHSUV/ST/ZN, Black, 200/ctn",https://www.hellermanntyton.us/products/151-01652/,90 °,19.5 mm,12.7 mm,129.9 mm,"Polyamide 6.6 high impact modified, heat and UV stabilized (PA66HIRHSUV);Steel (ST);Zinc plated (ZN)",6.5 mm
"Ratchet P-Clamp, 0.52 - 0.77"" Bundle Dia, 90° Long, 0.26"" Hole Dia, PA66HIRHSUV/SS304, Black, 200/ctn",https://www.hellermanntyton.us/products/151-01971/,90 °,19.5 mm,12.7 mm,129.9 mm,"Polyamide 6.6 high impact modified, heat and UV stabilized (PA66HIRHSUV);Stainless Steel (SS304)",6.5 mm
"Ratchet P-Clamp, 0.52 - 0.77"" Bundle Dia, 90° Long, 0.33"" Hole Dia, PA66HIRHSUV/ST/ZN, Black, 200/ctn",https://www.hellermanntyton.us/products/151-01460/,90 °,19.5 mm,12.7 mm,129.9 mm,"Polyamide 6.6 high impact modified, heat and UV stabilized (PA66HIRHSUV);Steel (ST);Zinc plated (ZN)",8.31 mm
"Ratchet P-Clamp, 0.52 - 0.77"" Bundle Dia, 90° Long, 0.33"" Hole Dia, PA66HIRHSUV/SS304, Black, 200/ctn",https://www.hellermanntyton.us/products/151-01972/,90 °,19.5 mm,12.7 mm,129.9 mm,"Polyamide 6.6 high impact modified, heat and UV stabilized (PA66HIRHSUV);Stainless Steel (SS304)",8.31 mm
"Ratchet P-Clamp, 0.52 - 0.77"" Bundle Dia, 90° Short, 0.41"" Hole Dia, PA66HIRHSUV/ST/ZN, Black, 280/ctn",https://www.hellermanntyton.us/products/151-01458/,90 °,19.5 mm,12.7 mm,101.9 mm,"Polyamide 6.6 high impact modified, heat and UV stabilized (PA66HIRHSUV);Steel (ST);Zinc plated (ZN)",10.29 mm
"Ratchet P-Clamp, 0.52 - 0.77"" Bundle Dia, 90° Short, 0.41"" Hole Dia, PA666V0/SS304, Black, 280/ctn",https://www.hellermanntyton.us/products/151-03006/,90 °,19.5 mm,12.7 mm,101.9 mm,"Polyamide 6.6/6, V0 (PA666V0);Stainless Steel (SS304)",10.4 mm
"Ratchet P-Clamp, 0.52 - 0.77"" Bundle Dia, 90° Short, 0.41"" Hole Dia, PA66HIRHSUV/SS304, Black, 280/ctn",https://www.hellermanntyton.us/products/151-01969/,90 °,19.5 mm,12.7 mm,101.9 mm,"Polyamide 6.6 high impact modified, heat and UV stabilized (PA66HIRHSUV);Stainless Steel (SS304)",10.29 mm
"Ratchet P-Clamp, 0.52 - 0.77"" Bundle Dia, 90° Short, 0.51"" Hole Dia, PA66HIRHSUV/ST/ZN, Black, 280/ctn",https://www.hellermanntyton.us/products/151-01459/,90 °,19.5 mm,12.7 mm,101.9 mm,"Polyamide 6.6 high impact modified, heat and UV stabilized (PA66HIRHSUV);Steel (ST);Zinc plated (ZN)",12.95 mm
"Ratchet P-Clamp, 0.52 - 0.77"" Bundle Dia, 90° Short, 0.51"" Hole Dia, PA66HIRHSUV/SS304, Black, 280/ctn",https://www.hellermanntyton.us/products/151-01970/,90 °,19.5 mm,12.7 mm,101.9 mm,"Polyamide 6.6 high impact modified, heat and UV stabilized (PA66HIRHSUV);Stainless Steel (SS304)",12.95 mm
"Ratchet P-Clamp, 0.52 - 0.77"" Bundle Dia, 90° Short, 0.26"" Hole Dia, PA66HIRHSUV/ST/ZN, Black, 280/ctn",https://www.hellermanntyton.us/products/151-01651/,90 °,19.5 mm,12.7 mm,101.9 mm,"Polyamide 6.6 high impact modified, heat and UV stabilized (PA66HIRHSUV);Steel (ST);Zinc plated (ZN)",6.5 mm
"Ratchet P-Clamp, 0.52 - 0.77"" Bundle Dia, 90° Short, 0.26"" Hole Dia, PA66HIRHSUV/SS304, Black, 280/ctn",https://www.hellermanntyton.us/products/151-01967/,90 °,19.5 mm,12.7 mm,101.9 mm,"Polyamide 6.6 high impact modified, heat and UV stabilized (PA66HIRHSUV);Stainless Steel (SS304)",6.5 mm
"Ratchet P-Clamp, 0.52 - 0.77"" Bundle Dia, 90° Short, 0.33"" Hole Dia, PA66HIRHSUV/SS304, Black, 280/ctn",https://www.hellermanntyton.us/products/151-01968/,90 °,19.5 mm,12.7 mm,101.9 mm,"Polyamide 6.6 high impact modified, heat and UV stabilized (PA66HIRHSUV);Stainless Steel (SS304)",8.31 mm
"Ratchet P-Clamp, 0.24 - 0.54"" Bundle Dia, 15° Short, 0.41"" Hole Dia, PA66HIRHSUV/ST/ZN, Black, 300/ctn",https://www.hellermanntyton.us/products/151-01426/,15 °,13.7 mm,6.2 mm,115.6 mm,"Polyamide 6.6 high impact modified, heat and UV stabilized (PA66HIRHSUV);Steel (ST);Zinc plated (ZN)",10.29 mm
"Ratchet P-Clamp, 0.24 - 0.54"" Bundle Dia, 15° Short, 0.41"" Hole Dia, PA66HIRHSUV/SS304, Black, 300/ctn",https://www.hellermanntyton.us/products/151-01925/,15 °,13.7 mm,6.2 mm,115.6 mm,"Polyamide 6.6 high impact modified, heat and UV stabilized (PA66HIRHSUV);Stainless Steel (SS304)",10.29 mm
"Ratchet P-Clamp, 0.24 - 0.54"" Bundle Dia, 15° Short, 0.51"" Hole Dia, PA66HIRHSUV/ST/ZN, Black, 300/ctn",https://www.hellermanntyton.us/products/151-01427/,15 °,13.7 mm,6.2 mm,115.6 mm,"Polyamide 6.6 high impact modified, heat and UV stabilized (PA66HIRHSUV);Steel (ST);Zinc plated (ZN)",12.95 mm
"Ratchet P-Clamp, 0.24 - 0.54"" Bundle Dia, 15° Short, 0.51"" Hole Dia, PA66HIRHSUV/SS304, Black, 300/ctn",https://www.hellermanntyton.us/products/151-01926/,15 °,13.7 mm,6.2 mm,115.6 mm,"Polyamide 6.6 high impact modified, heat and UV stabilized (PA66HIRHSUV);Stainless Steel (SS304)",12.95 mm
"Ratchet P-Clamp, 0.24 - 0.54"" Bundle Dia, 15° Short, 0.26"" Hole Dia, PA66HIRHSUV/ST/ZN, Black, 300/ctn",https://www.hellermanntyton.us/products/151-01640/,15 °,13.7 mm,6.2 mm,115.6 mm,"Polyamide 6.6 high impact modified, heat and UV stabilized (PA66HIRHSUV);Steel (ST);Zinc plated (ZN)",6.5 mm
"Ratchet P-Clamp, 0.24 - 0.54"" Bundle Dia, 15° Short, 0.26"" Hole Dia, PA66HIRHSUV/SS304, Black, 300/ctn",https://www.hellermanntyton.us/products/151-01923/,15 °,13.7 mm,6.2 mm,115.6 mm,"Polyamide 6.6 high impact modified, heat and UV stabilized (PA66HIRHSUV);Stainless Steel (SS304)",6.5 mm
"Ratchet P-Clamp, 0.24 - 0.54"" Bundle Dia, 15° Short, 0.33"" Hole Dia, PA66HIRHSUV/ST/ZN, Black, 300/ctn",https://www.hellermanntyton.us/products/151-01425/,15 °,13.7 mm,6.2 mm,115.6 mm,"Polyamide 6.6 high impact modified, heat and UV stabilized (PA66HIRHSUV);Steel (ST);Zinc plated (ZN)",8.31 mm
"Ratchet P-Clamp, 0.24 - 0.54"" Bundle Dia, 15° Short, 0.33"" Hole Dia, PA66HIRHSUV/SS304, Black, 300/ctn",https://www.hellermanntyton.us/products/151-01924/,15 °,13.7 mm,6.2 mm,115.6 mm,"Polyamide 6.6 high impact modified, heat and UV stabilized (PA66HIRHSUV);Stainless Steel (SS304)",8.31 mm
"Ratchet P-Clamp, 0.24 - 0.54"" Bundle Dia, 180° Long, 0.41"" Hole Dia, PA66HIRHSUV/ST/ZN, Black, 200/ctn",https://www.hellermanntyton.us/products/151-01423/,180 °,13.7 mm,6.2 mm,167.2 mm,"Polyamide 6.6 high impact modified, heat and UV stabilized (PA66HIRHSUV);Steel (ST);Zinc plated (ZN)",10.29 mm
"Ratchet P-Clamp, 0.24 - 0.54"" Bundle Dia, 180° Long, 0.41"" Hole Dia, PA66HIRHSUV/SS304, Black, 200/ctn",https://www.hellermanntyton.us/products/151-01921/,180 °,13.7 mm,6.2 mm,167.2 mm,"Polyamide 6.6 high impact modified, heat and UV stabilized (PA66HIRHSUV);Stainless Steel (SS304)",10.29 mm
"Ratchet P-Clamp, 0.24 - 0.54"" Bundle Dia, 180° Long, 0.51"" Hole Dia, PA66HIRHSUV/ST/ZN, Black, 200/ctn",https://www.hellermanntyton.us/products/151-01424/,180 °,13.7 mm,6.2 mm,167.2 mm,"Polyamide 6.6 high impact modified, heat and UV stabilized (PA66HIRHSUV);Steel (ST);Zinc plated (ZN)",12.95 mm
"Ratchet P-Clamp, 0.24 - 0.54"" Bundle Dia, 180° Long, 0.51"" Hole Dia, PA66HIRHSUV/SS304, Black, 200/ctn",https://www.hellermanntyton.us/products/151-01922/,180 °,13.7 mm,6.2 mm,167.2 mm,"Polyamide 6.6 high impact modified, heat and UV stabilized (PA66HIRHSUV);Stainless Steel (SS304)",12.95 mm
"Ratchet P-Clamp, 0.24 - 0.54"" Bundle Dia, 180° Long, 0.26"" Hole Dia, PA66HIRHSUV/ST/ZN, Black, 200/ctn",https://www.hellermanntyton.us/products/151-01639/,180 °,13.7 mm,6.2 mm,167.2 mm,"Polyamide 6.6 high impact modified, heat and UV stabilized (PA66HIRHSUV);Steel (ST);Zinc plated (ZN)",6.5 mm
"Ratchet P-Clamp, 0.24 - 0.54"" Bundle Dia, 180° Long, 0.26"" Hole Dia, PA66HIRHSUV/SS304, Black, 200/ctn",https://www.hellermanntyton.us/products/151-01919/,180 °,13.7 mm,6.2 mm,167.2 mm,"Polyamide 6.6 high impact modified, heat and UV stabilized (PA66HIRHSUV);Stainless Steel (SS304)",6.5 mm
"Ratchet P-Clamp, 0.24 - 0.54"" Bundle Dia, 180° Long, 0.33"" Hole Dia, PA66HIRHSUV/ST/ZN, Black, 200/ctn",https://www.hellermanntyton.us/products/151-01422/,180 °,13.7 mm,6.2 mm,167.2 mm,"Polyamide 6.6 high impact modified, heat and UV stabilized (PA66HIRHSUV);Steel (ST);Zinc plated (ZN)",8.31 mm
"Ratchet P-Clamp, 0.24 - 0.54"" Bundle Dia, 180° Long, 0.33"" Hole Dia, PA66HIRHSUV/SS304, Black, 200/ctn",https://www.hellermanntyton.us/products/151-01920/,180 °,13.7 mm,6.2 mm,167.2 mm,"Polyamide 6.6 high impact modified, heat and UV stabilized (PA66HIRHSUV);Stainless Steel (SS304)",8.31 mm
"Ratchet P-Clamp, 0.24 - 0.54"" Bundle Dia, 180° Medium, 0.41"" Hole Dia, PA66HIRHSUV/ST/ZN, Black, 200/ctn",https://www.hellermanntyton.us/products/151-01420/,180 °,13.7 mm,6.2 mm,138.2 mm,"Polyamide 6.6 high impact modified, heat and UV stabilized (PA66HIRHSUV);Steel (ST);Zinc plated (ZN)",10.29 mm
"Ratchet P-Clamp, 0.24 - 0.54"" Bundle Dia, 180° Medium, 0.41"" Hole Dia, PA66HIRHSUV/SS304, Black, 200/ctn",https://www.hellermanntyton.us/products/151-01917/,180 °,13.7 mm,6.2 mm,138.2 mm,"Polyamide 6.6 high impact modified, heat and UV stabilized (PA66HIRHSUV);Stainless Steel (SS304)",10.29 mm
"Ratchet P-Clamp, 0.24 - 0.54"" Bundle Dia, 180° Medium, 0.51"" Hole Dia, PA66HIRHSUV/ST/ZN, Black, 200/ctn",https://www.hellermanntyton.us/products/151-01421/,180 °,13.7 mm,6.2 mm,138.2 mm,"Polyamide 6.6 high impact modified, heat and UV stabilized (PA66HIRHSUV);Steel (ST);Zinc plated (ZN)",12.95 mm
"Ratchet P-Clamp, 0.24 - 0.54"" Bundle Dia, 180° Medium, 0.51"" Hole Dia, PA66HIRHSUV/SS304, Black, 200/ctn",https://www.hellermanntyton.us/products/151-01918/,180 °,13.7 mm,6.2 mm,138.2 mm,"Polyamide 6.6 high impact modified, heat and UV stabilized (PA66HIRHSUV);Stainless Steel (SS304)",12.95 mm
"Ratchet P-Clamp, 0.24 - 0.54"" Bundle Dia, 180° Medium, 0.26"" Hole Dia, PA66HIRHSUV/ST/ZN, Black, 200/ctn",https://www.hellermanntyton.us/products/151-01638/,180 °,13.7 mm,6.2 mm,138.2 mm,"Polyamide 6.6 high impact modified, heat and UV stabilized (PA66HIRHSUV);Steel (ST);Zinc plated (ZN)",6.5 mm
"Ratchet P-Clamp, 0.24 - 0.54"" Bundle Dia, 180° Medium, 0.26"" Hole Dia, PA66HIRHSUV/SS304, Black, 200/ctn",https://www.hellermanntyton.us/products/151-01915/,180 °,13.7 mm,6.2 mm,138.2 mm,"Polyamide 6.6 high impact modified, heat and UV stabilized (PA66HIRHSUV);Stainless Steel (SS304)",6.5 mm
"Ratchet P-Clamp, 0.24 - 0.54"" Bundle Dia, 180° Medium, 0.33"" Hole Dia, PA66HIRHSUV/ST/ZN, Black, 200/ctn",https://www.hellermanntyton.us/products/151-01419/,180 °,13.7 mm,6.2 mm,138.2 mm,"Polyamide 6.6 high impact modified, heat and UV stabilized (PA66HIRHSUV);Steel (ST);Zinc plated (ZN)",8.31 mm
"Ratchet P-Clamp, 0.24 - 0.54"" Bundle Dia, 180° Medium, 0.33"" Hole Dia, PA66HIRHSUV/SS304, Black, 200/ctn",https://www.hellermanntyton.us/products/151-01916/,180 °,13.7 mm,6.2 mm,138.2 mm,"Polyamide 6.6 high impact modified, heat and UV stabilized (PA66HIRHSUV);Stainless Steel (SS304)",8.31 mm
"Ratchet P-Clamp, 0.24 - 0.54"" Bundle Dia, 180° Short, 0.41"" Hole Dia, PA66HIRHSUV/ST/ZN, Black, 300/ctn",https://www.hellermanntyton.us/products/151-01417/,180 °,13.7 mm,6.2 mm,116.2 mm,"Polyamide 6.6 high impact modified, heat and UV stabilized (PA66HIRHSUV);Steel (ST);Zinc plated (ZN)",10.29 mm
"Ratchet P-Clamp, 0.24 - 0.54"" Bundle Dia, 180° Short, 0.41"" Hole Dia, PA66HIRHSUV/SS304, Black, 300/ctn",https://www.hellermanntyton.us/products/151-01913/,180 °,13.7 mm,6.2 mm,116.2 mm,"Polyamide 6.6 high impact modified, heat and UV stabilized (PA66HIRHSUV);Stainless Steel (SS304)",10.29 mm
"Ratchet P-Clamp, 0.24 - 0.54"" Bundle Dia, 180° Short, 0.51"" Hole Dia, PA66HIRHSUV/ST/ZN, Black, 300/ctn",https://www.hellermanntyton.us/products/151-01418/,180 °,13.7 mm,6.2 mm,116.2 mm,"Polyamide 6.6 high impact modified, heat and UV stabilized (PA66HIRHSUV);Steel (ST);Zinc plated (ZN)",12.95 mm
"Ratchet P-Clamp, 0.24 - 0.54"" Bundle Dia, 180° Short, 0.51"" Hole Dia, PA66HIRHSUV/SS304, Black, 300/ctn",https://www.hellermanntyton.us/products/151-01914/,180 °,13.7 mm,6.2 mm,116.2 mm,"Polyamide 6.6 high impact modified, heat and UV stabilized (PA66HIRHSUV);Stainless Steel (SS304)",12.95 mm
"Ratchet P-Clamp, 0.24 - 0.54"" Bundle Dia, 180° Short, 0.26"" Hole Dia, PA66HIRHSUV/ST/ZN, Black, 300/ctn",https://www.hellermanntyton.us/products/151-01637/,180 °,13.7 mm,6.2 mm,116.2 mm,"Polyamide 6.6 high impact modified, heat and UV stabilized (PA66HIRHSUV);Steel (ST);Zinc plated (ZN)",6.5 mm
"Ratchet P-Clamp, 0.24 - 0.54"" Bundle Dia, 180° Short, 0.26"" Hole Dia, PA66HIRHSUV/ST/ZN, Black, 5/bg",https://www.hellermanntyton.us/products/151-01670/,180 °,13.7 mm,6.2 mm,116.2 mm,"Polyamide 6.6 high impact modified, heat and UV stabilized (PA66HIRHSUV);Steel (ST);Zinc plated (ZN)",6.5 mm
"Ratchet P-Clamp, 0.24 - 0.54"" Bundle Dia, 180° Short, 0.26"" Hole Dia, PA66HIRHSUV/ST/ZN, Black, 30/bg",https://www.hellermanntyton.us/products/151-03035/,180 °,13.7 mm,6.2 mm,116.2 mm,"Polyamide 6.6 high impact modified, heat and UV stabilized (PA66HIRHSUV);Steel (ST);Zinc plated (ZN)",6.5 mm
"Ratchet P-Clamp, 0.24 - 0.54"" Bundle Dia, 180° Short, 0.26"" Hole Dia, PA66HIRHSUV/SS304, Black, 300/ctn",https://www.hellermanntyton.us/products/151-01911/,180 °,13.7 mm,6.2 mm,116.2 mm,"Polyamide 6.6 high impact modified, heat and UV stabilized (PA66HIRHSUV);Stainless Steel (SS304)",6.5 mm
"Ratchet P-Clamp, 0.24 - 0.54"" Bundle Dia, 180° Short, 0.33"" Hole Dia, PA666V0/ST/ZN, Black, 300/ctn",https://www.hellermanntyton.us/products/151-03012/,180 °,13.7 mm,6.2 mm,116.2 mm,"Polyamide 6.6/6, V0 (PA666V0);Steel (ST);Zinc plated (ZN)",8.4 mm
"Ratchet P-Clamp, 0.24 - 0.54"" Bundle Dia, 180° Short, 0.33"" Hole Dia, PA66HIRHSUV/ST/ZN, Black, 300/ctn",https://www.hellermanntyton.us/products/151-01416/,180 °,13.7 mm,6.2 mm,116.2 mm,"Polyamide 6.6 high impact modified, heat and UV stabilized (PA66HIRHSUV);Steel (ST);Zinc plated (ZN)",8.31 mm
"Ratchet P-Clamp, 0.24 - 0.54"" Bundle Dia, 180° Short, 0.33"" Hole Dia, PA66HIRHSUV/ST/ZN, Black, 30/bg",https://www.hellermanntyton.us/products/151-03036/,180 °,13.7 mm,6.2 mm,116.2 mm,"Polyamide 6.6 high impact modified, heat and UV stabilized (PA66HIRHSUV);Steel (ST);Zinc plated (ZN)",8.31 mm
"Ratchet P-Clamp, 0.24 - 0.54"" Bundle Dia, 180° Short, 0.33"" Hole Dia, PA66HIRHSUV/SS304, Black, 300/ctn",https://www.hellermanntyton.us/products/151-01912/,180 °,13.7 mm,6.2 mm,116.2 mm,"Polyamide 6.6 high impact modified, heat and UV stabilized (PA66HIRHSUV);Stainless Steel (SS304)",8.31 mm
"Ratchet P-Clamp, 0.24 - 0.54"" Bundle Dia, 30° Long, 0.41"" Hole Dia, PA66HIRHSUV/ST/ZN, Black, 200/ctn",https://www.hellermanntyton.us/products/151-01432/,30 °,13.7 mm,6.2 mm,150.5 mm,"Polyamide 6.6 high impact modified, heat and UV stabilized (PA66HIRHSUV);Steel (ST);Zinc plated (ZN)",10.29 mm
"Ratchet P-Clamp, 0.24 - 0.54"" Bundle Dia, 30° Long, 0.41"" Hole Dia, PA66HIRHSUV/SS304, Black, 200/ctn",https://www.hellermanntyton.us/products/151-01933/,30 °,13.7 mm,6.2 mm,150.5 mm,"Polyamide 6.6 high impact modified, heat and UV stabilized (PA66HIRHSUV);Stainless Steel (SS304)",10.29 mm
"Ratchet P-Clamp, 0.24 - 0.54"" Bundle Dia, 30° Long, 0.51"" Hole Dia, PA66HIRHSUV/ST/ZN, Black, 200/ctn",https://www.hellermanntyton.us/products/151-01433/,30 °,13.7 mm,6.2 mm,150.5 mm,"Polyamide 6.6 high impact modified, heat and UV stabilized (PA66HIRHSUV);Steel (ST);Zinc plated (ZN)",12.95 mm
"Ratchet P-Clamp, 0.24 - 0.54"" Bundle Dia, 30° Long, 0.51"" Hole Dia, PA66HIRHSUV/SS304, Black, 200/ctn",https://www.hellermanntyton.us/products/151-01934/,30 °,13.7 mm,6.2 mm,150.5 mm,"Polyamide 6.6 high impact modified, heat and UV stabilized (PA66HIRHSUV);Stainless Steel (SS304)",12.95 mm
"Ratchet P-Clamp, 0.24 - 0.54"" Bundle Dia, 30° Long, 0.26"" Hole Dia, PA66HIRHSUV/ST/ZN, Black, 200/ctn",https://www.hellermanntyton.us/products/151-01642/,30 °,13.7 mm,6.2 mm,150.5 mm,"Polyamide 6.6 high impact modified, heat and UV stabilized (PA66HIRHSUV);Steel (ST);Zinc plated (ZN)",6.5 mm
"Ratchet P-Clamp, 0.24 - 0.54"" Bundle Dia, 30° Long, 0.33"" Hole Dia, PA66HIRHSUV/ST/ZN, Black, 200/ctn",https://www.hellermanntyton.us/products/151-01431/,30 °,13.7 mm,6.2 mm,150.5 mm,"Polyamide 6.6 high impact modified, heat and UV stabilized (PA66HIRHSUV);Steel (ST);Zinc plated (ZN)",8.31 mm
"Ratchet P-Clamp, 0.24 - 0.54"" Bundle Dia, 30° Long, 0.33"" Hole Dia, PA66HIRHSUV/SS304, Black, 200/ctn",https://www.hellermanntyton.us/products/151-01932/,30 °,13.7 mm,6.2 mm,150.5 mm,"Polyamide 6.6 high impact modified, heat and UV stabilized (PA66HIRHSUV);Stainless Steel (SS304)",8.31 mm
"Ratchet P-Clamp, 0.24 - 0.54"" Bundle Dia, 30° Long, 0.26"" Hole Dia, PA66HIRHSUV/SS304, Black, 200/ctn",https://www.hellermanntyton.us/products/151-01931/,30 °,13.7 mm,6.2 mm,150.5 mm,"Polyamide 6.6 high impact modified, heat and UV stabilized (PA66HIRHSUV);Stainless Steel (SS304)",6.5 mm
"Ratchet P-Clamp, 0.24 - 0.54"" Bundle Dia, 30° Short, 0.41"" Hole Dia, PA66HIRHSUV/ST/ZN, Black, 300/ctn",https://www.hellermanntyton.us/products/151-01429/,30 °,13.7 mm,6.2 mm,113.5 mm,"Polyamide 6.6 high impact modified, heat and UV stabilized (PA66HIRHSUV);Steel (ST);Zinc plated (ZN)",10.29 mm
"Ratchet P-Clamp, 0.24 - 0.54"" Bundle Dia, 30° Short, 0.41"" Hole Dia, PA66HIRHSUV/SS304, Black, 300/ctn",https://www.hellermanntyton.us/products/151-01929/,30 °,13.7 mm,6.2 mm,113.5 mm,"Polyamide 6.6 high impact modified, heat and UV stabilized (PA66HIRHSUV);Stainless Steel (SS304)",10.29 mm
"Ratchet P-Clamp, 0.24 - 0.54"" Bundle Dia, 30° Short, 0.51"" Hole Dia, PA66HIRHSUV/ST/ZN, Black, 300/ctn",https://www.hellermanntyton.us/products/151-01430/,30 °,13.7 mm,6.2 mm,113.5 mm,"Polyamide 6.6 high impact modified, heat and UV stabilized (PA66HIRHSUV);Steel (ST);Zinc plated (ZN)",12.95 mm
"Ratchet P-Clamp, 0.24 - 0.54"" Bundle Dia, 30° Short, 0.51"" Hole Dia, PA66HIRHSUV/SS304, Black, 300/ctn",https://www.hellermanntyton.us/products/151-01930/,30 °,13.7 mm,6.2 mm,113.5 mm,"Polyamide 6.6 high impact modified, heat and UV stabilized (PA66HIRHSUV);Stainless Steel (SS304)",12.95 mm
"Ratchet P-Clamp, 0.24 - 0.54"" Bundle Dia, 30° Short, 0.26"" Hole Dia, PA66HIRHSUV/ST/ZN, Black, 300/ctn",https://www.hellermanntyton.us/products/151-01641/,30 °,13.7 mm,6.2 mm,113.5 mm,"Polyamide 6.6 high impact modified, heat and UV stabilized (PA66HIRHSUV);Steel (ST);Zinc plated (ZN)",6.5 mm
"Ratchet P-Clamp, 0.24 - 0.54"" Bundle Dia, 30° Short, 0.26"" Hole Dia, PA66HIRHSUV/SS304, Black, 300/ctn",https://www.hellermanntyton.us/products/151-01927/,30 °,13.7 mm,6.2 mm,113.5 mm,"Polyamide 6.6 high impact modified, heat and UV stabilized (PA66HIRHSUV);Stainless Steel (SS304)",6.5 mm
"Ratchet P-Clamp, 0.24 - 0.54"" Bundle Dia, 30° Short, 0.33"" Hole Dia, PA66HIRHSUV/ST/ZN, Black, 300/ctn",https://www.hellermanntyton.us/products/151-01428/,30 °,13.7 mm,6.2 mm,113.5 mm,"Polyamide 6.6 high impact modified, heat and UV stabilized (PA66HIRHSUV);Steel (ST);Zinc plated (ZN)",8.31 mm
"Ratchet P-Clamp, 0.24 - 0.54"" Bundle Dia, 30° Short, 0.33"" Hole Dia, PA66HIRHSUV/SS304, Black, 300/ctn",https://www.hellermanntyton.us/products/151-01928/,30 °,13.7 mm,6.2 mm,113.5 mm,"Polyamide 6.6 high impact modified, heat and UV stabilized (PA66HIRHSUV);Stainless Steel (SS304)",8.31 mm
"Ratchet P-Clamp, 0.24 - 0.54"" Bundle Dia, 90° Long, 0.41"" Hole Dia, PA66HIRHSUV/ST/ZN, Black, 200/ctn",https://www.hellermanntyton.us/products/151-01438/,90 °,13.7 mm,6.2 mm,129.9 mm,"Polyamide 6.6 high impact modified, heat and UV stabilized (PA66HIRHSUV);Steel (ST);Zinc plated (ZN)",10.29 mm
"Ratchet P-Clamp, 0.24 - 0.54"" Bundle Dia, 90° Long, 0.41"" Hole Dia, PA66HIRHSUV/SS304, Black, 200/ctn",https://www.hellermanntyton.us/products/151-01941/,90 °,13.7 mm,6.2 mm,129.9 mm,"Polyamide 6.6 high impact modified, heat and UV stabilized (PA66HIRHSUV);Stainless Steel (SS304)",10.29 mm
"Ratchet P-Clamp, 0.24 - 0.54"" Bundle Dia, 90° Long, 0.51"" Hole Dia, PA66HIRHSUV/ST/ZN, Black, 200/ctn",https://www.hellermanntyton.us/products/151-01439/,90 °,13.7 mm,6.2 mm,129.9 mm,"Polyamide 6.6 high impact modified, heat and UV stabilized (PA66HIRHSUV);Steel (ST);Zinc plated (ZN)",12.95 mm
"Ratchet P-Clamp, 0.24 - 0.54"" Bundle Dia, 90° Long, 0.51"" Hole Dia, PA66HIRHSUV/SS304, Black, 200/ctn",https://www.hellermanntyton.us/products/151-01942/,90 °,13.7 mm,6.2 mm,129.9 mm,"Polyamide 6.6 high impact modified, heat and UV stabilized (PA66HIRHSUV);Stainless Steel (SS304)",12.95 mm
"Ratchet P-Clamp, 0.24 - 0.54"" Bundle Dia, 90° Long, 0.26"" Hole Dia, PA66HIRHSUV/ST/ZN, Black, 200/ctn",https://www.hellermanntyton.us/products/151-01644/,90 °,13.7 mm,6.2 mm,129.9 mm,"Polyamide 6.6 high impact modified, heat and UV stabilized (PA66HIRHSUV);Steel (ST);Zinc plated (ZN)",6.5 mm
"Ratchet P-Clamp, 0.24 - 0.54"" Bundle Dia, 90° Long, 0.26"" Hole Dia, PA66HIRHSUV/SS304, Black, 200/ctn",https://www.hellermanntyton.us/products/151-01939/,90 °,13.7 mm,6.2 mm,129.9 mm,"Polyamide 6.6 high impact modified, heat and UV stabilized (PA66HIRHSUV);Stainless Steel (SS304)",6.5 mm
"Ratchet P-Clamp, 0.24 - 0.54"" Bundle Dia, 90° Long, 0.33"" Hole Dia, PA66HIRHSUV/ST/ZN, Black, 200/ctn",https://www.hellermanntyton.us/products/151-01437/,90 °,13.7 mm,6.2 mm,129.9 mm,"Polyamide 6.6 high impact modified, heat and UV stabilized (PA66HIRHSUV);Steel (ST);Zinc plated (ZN)",8.31 mm
"Ratchet P-Clamp, 0.24 - 0.54"" Bundle Dia, 90° Long, 0.33"" Hole Dia, PA66HIRHSUV/SS304, Black, 200/ctn",https://www.hellermanntyton.us/products/151-01940/,90 °,13.7 mm,6.2 mm,129.9 mm,"Polyamide 6.6 high impact modified, heat and UV stabilized (PA66HIRHSUV);Stainless Steel (SS304)",8.31 mm
"Ratchet P-Clamp, 0.24 - 0.54"" Bundle Dia, 90° Short, 0.41"" Hole Dia, PA66HIRHSUV/SS304, Black, 300/ctn",https://www.hellermanntyton.us/products/151-01937/,90 °,13.7 mm,6.2 mm,101.9 mm,"Polyamide 6.6 high impact modified, heat and UV stabilized (PA66HIRHSUV);Stainless Steel (SS304)",10.29 mm
"Ratchet P-Clamp, 0.24 - 0.54"" Bundle Dia, 90° Short, 0.41"" Hole Dia, PA66HIRHSUV/ST/ZN, Black, 300/ctn",https://www.hellermanntyton.us/products/151-01435/,90 °,13.7 mm,6.2 mm,101.9 mm,"Polyamide 6.6 high impact modified, heat and UV stabilized (PA66HIRHSUV);Steel (ST);Zinc plated (ZN)",10.29 mm
"Ratchet P-Clamp, 0.24 - 0.54"" Bundle Dia, 90° Short, 0.51"" Hole Dia, PA66HIRHSUV/ST/ZN, Black, 300/ctn",https://www.hellermanntyton.us/products/151-01436/,90 °,13.7 mm,6.2 mm,101.9 mm,"Polyamide 6.6 high impact modified, heat and UV stabilized (PA66HIRHSUV);Steel (ST);Zinc plated (ZN)",12.95 mm
"Ratchet P-Clamp, 0.24 - 0.54"" Bundle Dia, 90° Short, 0.51"" Hole Dia, PA66HIRHSUV/SS304, Black, 300/ctn",https://www.hellermanntyton.us/products/151-01938/,90 °,13.7 mm,6.2 mm,101.9 mm,"Polyamide 6.6 high impact modified, heat and UV stabilized (PA66HIRHSUV);Stainless Steel (SS304)",12.95 mm
"Ratchet P-Clamp, 0.24 - 0.54"" Bundle Dia, 90° Short, 0.26"" Hole Dia, PA66HIRHSUV/ST/ZN, Black, 300/ctn",https://www.hellermanntyton.us/products/151-01643/,90 °,13.7 mm,6.2 mm,101.9 mm,"Polyamide 6.6 high impact modified, heat and UV stabilized (PA66HIRHSUV);Steel (ST);Zinc plated (ZN)",6.5 mm
"Ratchet P-Clamp, 0.24 - 0.54"" Bundle Dia, 90° Short, 0.26"" Hole Dia, PA66HIRHSUV/SS304, Black, 300/ctn",https://www.hellermanntyton.us/products/151-01935/,90 °,13.7 mm,6.2 mm,101.9 mm,"Polyamide 6.6 high impact modified, heat and UV stabilized (PA66HIRHSUV);Stainless Steel (SS304)",6.5 mm
"Ratchet P-Clamp, 0.24 - 0.54"" Bundle Dia, 90° Short, 0.33"" Hole Dia, PA66HIRHSUV/ST/ZN, Black, 300/ctn",https://www.hellermanntyton.us/products/151-01434/,90 °,13.7 mm,6.2 mm,101.9 mm,"Polyamide 6.6 high impact modified, heat and UV stabilized (PA66HIRHSUV);Steel (ST);Zinc plated (ZN)",8.31 mm
"Ratchet P-Clamp, 0.24 - 0.54"" Bundle Dia, 90° Short, 0.33"" Hole Dia, PA66HIRHSUV/SS304, Black, 300/ctn",https://www.hellermanntyton.us/products/151-01936/,90 °,13.7 mm,6.2 mm,101.9 mm,"Polyamide 6.6 high impact modified, heat and UV stabilized (PA66HIRHSUV);Stainless Steel (SS304)",8.31 mm
"Series 6 Ratchet Clamp, 0.76 - 1.42"" Bundle Dia, 0.81"" x 1.81"" Hook, PA66HIRHSUV/ZN, Black, 160/ctn",https://www.hellermanntyton.us/products/151-03057/,180 °,36.0 mm,19.4 mm,155.3 mm,"Polyamide 6.6 high impact modified, heat and UV stabilized (PA66HIRHSUV);Zinc plated (ZN)",5.6 mm
"Ratchet P-Clamp, 0.76 - 1.42"" Bundle Dia, 90° Short, 0.33"" Hole Dia, PA66HIRHSUV/ST/ZN, Black, 160/ctn",https://www.hellermanntyton.us/products/151-01492/,90 °,36.0 mm,19.4 mm,141.8 mm,"Polyamide 6.6 high impact modified, heat and UV stabilized (PA66HIRHSUV);Steel (ST);Zinc plated (ZN)",8.31 mm
"Ratchet P-Clamp, 0.76 - 1.42"" Bundle Dia, 180° Short, 0.41"" Hole Dia, PA66HIRHSUV/ST/ZN, Black, 160/ctn",https://www.hellermanntyton.us/products/151-01475/,180 °,36.0 mm,19.4 mm,156.1 mm,"Polyamide 6.6 high impact modified, heat and UV stabilized (PA66HIRHSUV);Steel (ST);Zinc plated (ZN)",10.29 mm
"Ratchet P-Clamp, 0.76 - 1.42"" Bundle Dia, 180° Short, 0.41"" Hole Dia, PA66HIRHSUV/ST/ZN, Black, 20/bg",https://www.hellermanntyton.us/products/151-03040/,180 °,36.0 mm,19.4 mm,156.1 mm,"Polyamide 6.6 high impact modified, heat and UV stabilized (PA66HIRHSUV);Steel (ST);Zinc plated (ZN)",10.29 mm
"Ratchet P-Clamp, 0.76 - 1.42"" Bundle Dia, 180° Short, 0.41"" Hole Dia, PA66HIRHSUV/ST/ZN, Orange, 160/ctn",https://www.hellermanntyton.us/products/151-03461/,180 °,36.0 mm,19.4 mm,156.1 mm,"Polyamide 6.6 high impact modified, heat and UV stabilized (PA66HIRHSUV);Steel (ST);Zinc plated (ZN)",10.29 mm
"Series 6 Ratchet Clamp, 0.76 - 1.42"" Bundle Dia, PA66HIRHSUV/ZN, Black, 160/ctn",https://www.hellermanntyton.us/products/151-03621/,180 °,36.0 mm,19.4 mm,174.3 mm,"Polyamide 6.6 high impact modified, heat and UV stabilized (PA66HIRHSUV);Zinc plated (ZN)",
"Ratchet P-Clamp, 0.76 - 1.42"" Bundle Dia, 15° Short, 0.41"" Hole Dia, PA66HIRHSUV/ST/ZN, Black, 160/ctn",https://www.hellermanntyton.us/products/151-01484/,15 °,36.0 mm,19.4 mm,155.5 mm,"Polyamide 6.6 high impact modified, heat and UV stabilized (PA66HIRHSUV);Steel (ST);Zinc plated (ZN)",10.29 mm
"Ratchet P-Clamp, 0.76 - 1.42"" Bundle Dia, 15° Short, 0.41"" Hole Dia, PA66HIRHSUV/SS304, Black, 160/ctn",https://www.hellermanntyton.us/products/151-01989/,15 °,36.0 mm,19.4 mm,155.5 mm,"Polyamide 6.6 high impact modified, heat and UV stabilized (PA66HIRHSUV);Stainless Steel (SS304)",10.29 mm
"Ratchet P-Clamp, 0.76 - 1.42"" Bundle Dia, 15° Short, 0.51"" Hole Dia, PA66HIRHSUV/ST/ZN, Black, 160/ctn",https://www.hellermanntyton.us/products/151-01485/,15 °,36.0 mm,19.4 mm,155.5 mm,"Polyamide 6.6 high impact modified, heat and UV stabilized (PA66HIRHSUV);Steel (ST);Zinc plated (ZN)",12.95 mm
"Ratchet P-Clamp, 0.76 - 1.42"" Bundle Dia, 15° Short, 0.51"" Hole Dia, PA66HIRHSUV/SS304, Black, 160/ctn",https://www.hellermanntyton.us/products/151-01990/,15 °,36.0 mm,19.4 mm,155.5 mm,"Polyamide 6.6 high impact modified, heat and UV stabilized (PA66HIRHSUV);Stainless Steel (SS304)",12.95 mm
"Ratchet P-Clamp, 0.76 - 1.42"" Bundle Dia, 15° Short, 0.26"" Hole Dia, PA66HIRHSUV/ST/ZN, Black, 160/ctn",https://www.hellermanntyton.us/products/151-01656/,15 °,36.0 mm,19.4 mm,155.5 mm,"Polyamide 6.6 high impact modified, heat and UV stabilized (PA66HIRHSUV);Steel (ST);Zinc plated (ZN)",6.5 mm
"Ratchet P-Clamp, 0.76 - 1.42"" Bundle Dia, 15° Short, 0.26"" Hole Dia, PA66HIRHSUV/SS304, Black, 160/ctn",https://www.hellermanntyton.us/products/151-01987/,15 °,36.0 mm,19.4 mm,155.5 mm,"Polyamide 6.6 high impact modified, heat and UV stabilized (PA66HIRHSUV);Stainless Steel (SS304)",6.5 mm
"Ratchet P-Clamp, 0.76 - 1.42"" Bundle Dia, 15° Short, 0.33"" Hole Dia, PA66HIRHSUV/ST/ZN, Black, 160/ctn",https://www.hellermanntyton.us/products/151-01483/,15 °,36.0 mm,19.4 mm,155.5 mm,"Polyamide 6.6 high impact modified, heat and UV stabilized (PA66HIRHSUV);Steel (ST);Zinc plated (ZN)",8.31 mm
"Ratchet P-Clamp, 0.76 - 1.42"" Bundle Dia, 15° Short, 0.33"" Hole Dia, PA66HIRHSUV/SS304, Black, 160/ctn",https://www.hellermanntyton.us/products/151-01988/,15 °,36.0 mm,19.4 mm,155.5 mm,"Polyamide 6.6 high impact modified, heat and UV stabilized (PA66HIRHSUV);Stainless Steel (SS304)",8.31 mm
"Ratchet P-Clamp, 0.76 - 1.42"" Bundle Dia, 180° Long, 0.41"" Hole Dia, PA66HIRHSUV/ST/ZN, Black, 140/ctn",https://www.hellermanntyton.us/products/151-01481/,180 °,36.0 mm,19.4 mm,207.01 mm,"Polyamide 6.6 high impact modified, heat and UV stabilized (PA66HIRHSUV);Steel (ST);Zinc plated (ZN)",10.29 mm
"Ratchet P-Clamp, 0.76 - 1.42"" Bundle Dia, 180° Long, 0.41"" Hole Dia, PA66HIRHSUV/SS304, Black, 140/ctn",https://www.hellermanntyton.us/products/151-01985/,180 °,36.0 mm,19.4 mm,207.01 mm,"Polyamide 6.6 high impact modified, heat and UV stabilized (PA66HIRHSUV);Stainless Steel (SS304)",10.29 mm
"Ratchet P-Clamp, 0.76 - 1.42"" Bundle Dia, 180° Long, 0.51"" Hole Dia, PA66HIRHSUV/ST/ZN, Black, 140/ctn",https://www.hellermanntyton.us/products/151-01482/,180 °,36.0 mm,19.4 mm,207.01 mm,"Polyamide 6.6 high impact modified, heat and UV stabilized (PA66HIRHSUV);Steel (ST);Zinc plated (ZN)",12.95 mm
"Ratchet P-Clamp, 0.76 - 1.42"" Bundle Dia, 180° Long, 0.51"" Hole Dia, PA66HIRHSUV/SS304, Black, 140/ctn",https://www.hellermanntyton.us/products/151-01986/,180 °,36.0 mm,19.4 mm,207.01 mm,"Polyamide 6.6 high impact modified, heat and UV stabilized (PA66HIRHSUV);Stainless Steel (SS304)",12.95 mm
"Ratchet P-Clamp, 0.76 - 1.42"" Bundle Dia, 180° Long, 0.26"" Hole Dia, PA66HIRHSUV/ST/ZN, Black, 140/ctn",https://www.hellermanntyton.us/products/151-01655/,180 °,36.0 mm,19.4 mm,207.01 mm,"Polyamide 6.6 high impact modified, heat and UV stabilized (PA66HIRHSUV);Steel (ST);Zinc plated (ZN)",6.5 mm
"Ratchet P-Clamp, 0.76 - 1.42"" Bundle Dia, 180° Long, 0.26"" Hole Dia, PA66HIRHSUV/SS304, Black, 140/ctn",https://www.hellermanntyton.us/products/151-01983/,180 °,36.0 mm,19.4 mm,207.01 mm,"Polyamide 6.6 high impact modified, heat and UV stabilized (PA66HIRHSUV);Stainless Steel (SS304)",6.5 mm
"Ratchet P-Clamp, 0.76 - 1.42"" Bundle Dia, 180° Long, 0.33"" Hole Dia, PA66HIRHSUV/ST/ZN, Black, 140/ctn",https://www.hellermanntyton.us/products/151-01480/,180 °,36.0 mm,19.4 mm,207.01 mm,"Polyamide 6.6 high impact modified, heat and UV stabilized (PA66HIRHSUV);Steel (ST);Zinc plated (ZN)",8.31 mm
"Ratchet P-Clamp, 0.76 - 1.42"" Bundle Dia, 180° Long, 0.33"" Hole Dia, PA66HIRHSUV/SS304, Black, 140/ctn",https://www.hellermanntyton.us/products/151-01984/,180 °,36.0 mm,19.4 mm,207.01 mm,"Polyamide 6.6 high impact modified, heat and UV stabilized (PA66HIRHSUV);Stainless Steel (SS304)",8.31 mm
"Ratchet P-Clamp, 0.76 - 1.42"" Bundle Dia, 180° Med, 0.41"" Hole Dia, PA66HIRHSUV/ST/ZN, Black, 140/ctn",https://www.hellermanntyton.us/products/151-01478/,180 °,36.0 mm,19.4 mm,178.1 mm,"Polyamide 6.6 high impact modified, heat and UV stabilized (PA66HIRHSUV);Steel (ST);Zinc plated (ZN)",10.29 mm
"Ratchet P-Clamp, 0.76 - 1.42"" Bundle Dia, 180° Med, 0.41"" Hole Dia, PA66HIRHSUV/SS304, Black, 140/ctn",https://www.hellermanntyton.us/products/151-01981/,180 °,36.0 mm,19.4 mm,178.1 mm,"Polyamide 6.6 high impact modified, heat and UV stabilized (PA66HIRHSUV);Stainless Steel (SS304)",10.29 mm
"Ratchet P-Clamp, 0.76 - 1.42"" Bundle Dia, 180° Med, 0.51"" Hole Dia, PA66HIRHSUV/ST/ZN, Black, 140/ctn",https://www.hellermanntyton.us/products/151-01479/,180 °,36.0 mm,19.4 mm,178.1 mm,"Polyamide 6.6 high impact modified, heat and UV stabilized (PA66HIRHSUV);Steel (ST);Zinc plated (ZN)",12.95 mm
"Ratchet P-Clamp, 0.76 - 1.42"" Bundle Dia, 180° Med, 0.51"" Hole Dia, PA66HIRHSUV/SS304, Black, 140/ctn",https://www.hellermanntyton.us/products/151-01982/,180 °,36.0 mm,19.4 mm,178.1 mm,"Polyamide 6.6 high impact modified, heat and UV stabilized (PA66HIRHSUV);Stainless Steel (SS304)",12.95 mm
"Ratchet P-Clamp, 0.76 - 1.42"" Bundle Dia, 180° Med, 0.26"" Hole Dia, PA66HIRHSUV/ST/ZN, Black, 140/ctn",https://www.hellermanntyton.us/products/151-01654/,180 °,36.0 mm,19.4 mm,178.1 mm,"Polyamide 6.6 high impact modified, heat and UV stabilized (PA66HIRHSUV);Steel (ST);Zinc plated (ZN)",6.5 mm
"Ratchet P-Clamp, 0.76 - 1.42"" Bundle Dia, 180° Med, 0.26"" Hole Dia, PA66HIRHSUV/SS304, Black, 140/ctn",https://www.hellermanntyton.us/products/151-01979/,180 °,36.0 mm,19.4 mm,178.1 mm,"Polyamide 6.6 high impact modified, heat and UV stabilized (PA66HIRHSUV);Stainless Steel (SS304)",6.5 mm
"Ratchet P-Clamp, 0.76 - 1.42"" Bundle Dia, 180° Med, 0.33"" Hole Dia, PA66HIRHSUV/ST/ZN, Black, 140/ctn",https://www.hellermanntyton.us/products/151-01477/,180 °,36.0 mm,19.4 mm,178.1 mm,"Polyamide 6.6 high impact modified, heat and UV stabilized (PA66HIRHSUV);Steel (ST);Zinc plated (ZN)",8.31 mm
"Ratchet P-Clamp, 0.76 - 1.42"" Bundle Dia, 180° Med, 0.33"" Hole Dia, PA66HIRHSUV/SS304, Black, 140/ctn",https://www.hellermanntyton.us/products/151-01980/,180 °,36.0 mm,19.4 mm,178.1 mm,"Polyamide 6.6 high impact modified, heat and UV stabilized (PA66HIRHSUV);Stainless Steel (SS304)",8.31 mm
"Ratchet P-Clamp, 0.76 - 1.42"" Bundle Dia, 180° Short, 0.41"" Hole Dia, PA66HIRHSUV/SS304, Black, 160/ctn",https://www.hellermanntyton.us/products/151-01977/,180 °,36.0 mm,19.4 mm,156.1 mm,"Polyamide 6.6 high impact modified, heat and UV stabilized (PA66HIRHSUV);Stainless Steel (SS304)",10.29 mm
"Ratchet P-Clamp, 0.76 - 1.42"" Bundle Dia, 180° Short, 0.51"" Hole Dia, PA66HIRHSUV/ST/ZN, Black, 160/ctn",https://www.hellermanntyton.us/products/151-01476/,180 °,36.0 mm,19.4 mm,156.1 mm,"Polyamide 6.6 high impact modified, heat and UV stabilized (PA66HIRHSUV);Steel (ST);Zinc plated (ZN)",12.95 mm
"Ratchet P-Clamp, 0.76 - 1.42"" Bundle Dia, 180° Short, 0.51"" Hole Dia, PA66HIRHSUV/SS304, Black, 160/ctn",https://www.hellermanntyton.us/products/151-01978/,180 °,36.0 mm,19.4 mm,156.1 mm,"Polyamide 6.6 high impact modified, heat and UV stabilized (PA66HIRHSUV);Stainless Steel (SS304)",12.95 mm
"Ratchet P-Clamp, 0.76 - 1.42"" Bundle Dia, 180° Short, 0.26"" Hole Dia, PA66HIRHSUV/ST/ZN, Black, 160/ctn",https://www.hellermanntyton.us/products/151-01653/,180 °,36.0 mm,19.4 mm,156.1 mm,"Polyamide 6.6 high impact modified, heat and UV stabilized (PA66HIRHSUV);Steel (ST);Zinc plated (ZN)",6.5 mm
"Ratchet P-Clamp, 0.76 - 1.42"" Bundle Dia, 180° Short, 0.26"" Hole Dia, PA66HIRHSUV/ST/ZN, Black, 3/bg",https://www.hellermanntyton.us/products/151-01672/,180 °,36.0 mm,19.4 mm,156.1 mm,"Polyamide 6.6 high impact modified, heat and UV stabilized (PA66HIRHSUV);Steel (ST);Zinc plated (ZN)",6.5 mm
"Ratchet P-Clamp, 0.76 - 1.42"" Bundle Dia, 180° Short, 0.26"" Hole Dia, PA66HIRHSUV/ST/ZN, Black, 20/bg",https://www.hellermanntyton.us/products/151-03041/,180 °,36.0 mm,19.4 mm,156.1 mm,"Polyamide 6.6 high impact modified, heat and UV stabilized (PA66HIRHSUV);Steel (ST);Zinc plated (ZN)",6.5 mm
"Ratchet P-Clamp, 0.76 - 1.42"" Bundle Dia, 180° Short, 0.26"" Hole Dia, PA66HIRHSUV/SS304, Black, 160/ctn",https://www.hellermanntyton.us/products/151-01975/,180 °,36.0 mm,19.4 mm,156.1 mm,"Polyamide 6.6 high impact modified, heat and UV stabilized (PA66HIRHSUV);Stainless Steel (SS304)",6.5 mm
"Ratchet P-Clamp, 0.76 - 1.42"" Bundle Dia, 180° Short, 0.33"" Hole Dia, PA666V0/ST/ZN, Black, 160/ctn",https://www.hellermanntyton.us/products/151-03014/,180 °,36.0 mm,19.4 mm,156.1 mm,"Polyamide 6.6/6, V0 (PA666V0);Steel (ST);Zinc plated (ZN)",8.4 mm
"Ratchet P-Clamp, 0.76 - 1.42"" Bundle Dia, 180° Short, 0.33"" Hole Dia, PA66HIRHSUV/ST/ZN, Black, 160/ctn",https://www.hellermanntyton.us/products/151-01474/,180 °,36.0 mm,19.4 mm,156.1 mm,"Polyamide 6.6 high impact modified, heat and UV stabilized (PA66HIRHSUV);Steel (ST);Zinc plated (ZN)",8.31 mm
"Ratchet P-Clamp, 0.76 - 1.42"" Bundle Dia, 180° Short, 0.33"" Hole Dia, PA666V0/SS304, Black, 160/ctn",https://www.hellermanntyton.us/products/151-02737/,180 °,36.0 mm,19.4 mm,156.1 mm,"Polyamide 6.6/6, V0 (PA666V0);Stainless Steel (SS304)",8.4 mm
"Ratchet P-Clamp, 0.76 - 1.42"" Bundle Dia, 180° Short, 0.33"" Hole Dia, PA66HIRHSUV/SS304, Black, 160/ctn",https://www.hellermanntyton.us/products/151-01976/,180 °,36.0 mm,19.4 mm,156.1 mm,"Polyamide 6.6 high impact modified, heat and UV stabilized (PA66HIRHSUV);Stainless Steel (SS304)",8.31 mm
"Ratchet P-Clamp, 0.76 - 1.42"" Bundle Dia, 30° Long, 0.41"" Hole Dia, PA66HIRHSUV/ST/ZN, Black, 140/ctn",https://www.hellermanntyton.us/products/151-01490/,30 °,36.0 mm,19.4 mm,190.4 mm,"Polyamide 6.6 high impact modified, heat and UV stabilized (PA66HIRHSUV);Steel (ST);Zinc plated (ZN)",10.29 mm
"Ratchet P-Clamp, 0.76 - 1.42"" Bundle Dia, 30° Long, 0.41"" Hole Dia, PA66HIRHSUV/SS304, Black, 140/ctn",https://www.hellermanntyton.us/products/151-01997/,30 °,36.0 mm,19.4 mm,190.4 mm,"Polyamide 6.6 high impact modified, heat and UV stabilized (PA66HIRHSUV);Stainless Steel (SS304)",10.29 mm
"Ratchet P-Clamp, 0.76 - 1.42"" Bundle Dia, 30° Long, 0.51"" Hole Dia, PA66HIRHSUV/ST/ZN, Black, 140/ctn",https://www.hellermanntyton.us/products/151-01491/,30 °,36.0 mm,19.4 mm,190.4 mm,"Polyamide 6.6 high impact modified, heat and UV stabilized (PA66HIRHSUV);Steel (ST);Zinc plated (ZN)",12.95 mm
"Ratchet P-Clamp, 0.76 - 1.42"" Bundle Dia, 30° Long, 0.51"" Hole Dia, PA66HIRHSUV/SS304, Black, 140/ctn",https://www.hellermanntyton.us/products/151-01998/,30 °,36.0 mm,19.4 mm,190.4 mm,"Polyamide 6.6 high impact modified, heat and UV stabilized (PA66HIRHSUV);Stainless Steel (SS304)",12.95 mm
"Ratchet P-Clamp, 0.76 - 1.42"" Bundle Dia, 30° Long, 0.26"" Hole Dia, PA66HIRHSUV/ST/ZN, Black, 140/ctn",https://www.hellermanntyton.us/products/151-01658/,30 °,36.0 mm,19.4 mm,190.4 mm,"Polyamide 6.6 high impact modified, heat and UV stabilized (PA66HIRHSUV);Steel (ST);Zinc plated (ZN)",6.5 mm
"Ratchet P-Clamp, 0.76 - 1.42"" Bundle Dia, 30° Long, 0.26"" Hole Dia, PA66HIRHSUV/SS304, Black, 140/ctn",https://www.hellermanntyton.us/products/151-01995/,30 °,36.0 mm,19.4 mm,190.4 mm,"Polyamide 6.6 high impact modified, heat and UV stabilized (PA66HIRHSUV);Stainless Steel (SS304)",6.5 mm
"Ratchet P-Clamp, 0.76 - 1.42"" Bundle Dia, 30° Long, 0.33"" Hole Dia, PA66HIRHSUV/ST/ZN, Black, 140/ctn",https://www.hellermanntyton.us/products/151-01489/,30 °,36.0 mm,19.4 mm,190.4 mm,"Polyamide 6.6 high impact modified, heat and UV stabilized (PA66HIRHSUV);Steel (ST);Zinc plated (ZN)",8.31 mm
"Ratchet P-Clamp, 0.76 - 1.42"" Bundle Dia, 30° Long, 0.33"" Hole Dia, PA66HIRHSUV/SS304, Black, 140/ctn",https://www.hellermanntyton.us/products/151-01996/,30 °,36.0 mm,19.4 mm,190.4 mm,"Polyamide 6.6 high impact modified, heat and UV stabilized (PA66HIRHSUV);Stainless Steel (SS304)",8.31 mm
"Ratchet P-Clamp, 0.76 - 1.42"" Bundle Dia, 30° Short, 0.41"" Hole Dia, PA66HIRHSUV/ST/ZN, Black, 160/ctn",https://www.hellermanntyton.us/products/151-01487/,30 °,36.0 mm,19.4 mm,153.4 mm,"Polyamide 6.6 high impact modified, heat and UV stabilized (PA66HIRHSUV);Steel (ST);Zinc plated (ZN)",10.29 mm
"Ratchet P-Clamp, 0.76 - 1.42"" Bundle Dia, 30° Short, 0.41"" Hole Dia, PA66HIRHSUV/SS304, Black, 160/ctn",https://www.hellermanntyton.us/products/151-01993/,30 °,36.0 mm,19.4 mm,153.4 mm,"Polyamide 6.6 high impact modified, heat and UV stabilized (PA66HIRHSUV);Stainless Steel (SS304)",10.29 mm
"Ratchet P-Clamp, 0.76 - 1.42"" Bundle Dia, 30° Short, 0.51"" Hole Dia, PA66HIRHSUV/ST/ZN, Black, 160/ctn",https://www.hellermanntyton.us/products/151-01488/,30 °,36.0 mm,19.4 mm,153.4 mm,"Polyamide 6.6 high impact modified, heat and UV stabilized (PA66HIRHSUV);Steel (ST);Zinc plated (ZN)",12.95 mm
"Ratchet P-Clamp, 0.76 - 1.42"" Bundle Dia, 30° Short, 0.51"" Hole Dia, PA66HIRHSUV/SS304, Black, 160/ctn",https://www.hellermanntyton.us/products/151-01994/,30 °,36.0 mm,19.4 mm,153.4 mm,"Polyamide 6.6 high impact modified, heat and UV stabilized (PA66HIRHSUV);Stainless Steel (SS304)",12.95 mm
"Ratchet P-Clamp, 0.76 - 1.42"" Bundle Dia, 30° Short, 0.26"" Hole Dia, PA66HIRHSUV/ST/ZN, Black, 160/ctn",https://www.hellermanntyton.us/products/151-01657/,30 °,36.0 mm,19.4 mm,153.4 mm,"Polyamide 6.6 high impact modified, heat and UV stabilized (PA66HIRHSUV);Steel (ST);Zinc plated (ZN)",6.5 mm
"Ratchet P-Clamp, 0.76 - 1.42"" Bundle Dia, 30° Short, 0.26"" Hole Dia, PA66HIRHSUV/SS304, Black, 160/ctn",https://www.hellermanntyton.us/products/151-01991/,30 °,36.0 mm,19.4 mm,153.4 mm,"Polyamide 6.6 high impact modified, heat and UV stabilized (PA66HIRHSUV);Stainless Steel (SS304)",6.5 mm
"Ratchet P-Clamp, 0.76 - 1.42"" Bundle Dia, 30° Short, 0.33"" Hole Dia, PA66HIRHSUV/ST/ZN, Black, 160/ctn",https://www.hellermanntyton.us/products/151-01486/,30 °,36.0 mm,19.4 mm,153.4 mm,"Polyamide 6.6 high impact modified, heat and UV stabilized (PA66HIRHSUV);Steel (ST);Zinc plated (ZN)",8.31 mm
"Ratchet P-Clamp, 0.76 - 1.42"" Bundle Dia, 30° Short, 0.33"" Hole Dia, PA66HIRHSUV/SS304, Black, 160/ctn",https://www.hellermanntyton.us/products/151-01992/,30 °,36.0 mm,19.4 mm,153.4 mm,"Polyamide 6.6 high impact modified, heat and UV stabilized (PA66HIRHSUV);Stainless Steel (SS304)",8.31 mm
"Ratchet P-Clamp, 0.76 - 1.42"" Bundle Dia, 90° Long, 0.41"" Hole Dia, PA66HIRHSUV/ST/ZN, Black, 140/ctn",https://www.hellermanntyton.us/products/151-01496/,90 °,36.0 mm,19.4 mm,169.8 mm,"Polyamide 6.6 high impact modified, heat and UV stabilized (PA66HIRHSUV);Steel (ST);Zinc plated (ZN)",10.29 mm
"Ratchet P-Clamp, 0.76 - 1.42"" Bundle Dia, 90° Long, 0.41"" Hole Dia, PA66HIRHSUV/SS304, Black, 140/ctn",https://www.hellermanntyton.us/products/151-02006/,90 °,36.0 mm,19.4 mm,169.8 mm,"Polyamide 6.6 high impact modified, heat and UV stabilized (PA66HIRHSUV);Stainless Steel (SS304)",10.29 mm
"Ratchet P-Clamp, 0.76 - 1.42"" Bundle Dia, 90° Long, 0.51"" Hole Dia, PA66HIRHSUV/ST/ZN, Black, 140/ctn",https://www.hellermanntyton.us/products/151-01497/,90 °,36.0 mm,19.4 mm,169.8 mm,"Polyamide 6.6 high impact modified, heat and UV stabilized (PA66HIRHSUV);Steel (ST);Zinc plated (ZN)",12.95 mm
"Ratchet P-Clamp, 0.76 - 1.42"" Bundle Dia, 90° Long, 0.51"" Hole Dia, PA66HIRHSUV/SS304, Black, 140/ctn",https://www.hellermanntyton.us/products/151-02007/,90 °,36.0 mm,19.4 mm,169.8 mm,"Polyamide 6.6 high impact modified, heat and UV stabilized (PA66HIRHSUV);Stainless Steel (SS304)",12.95 mm
"Ratchet P-Clamp, 0.76 - 1.42"" Bundle Dia, 90° Long, 0.26"" Hole Dia, PA66HIRHSUV/ST/ZN, Black, 140/ctn",https://www.hellermanntyton.us/products/151-01660/,90 °,36.0 mm,19.4 mm,169.8 mm,"Polyamide 6.6 high impact modified, heat and UV stabilized (PA66HIRHSUV);Steel (ST);Zinc plated (ZN)",6.5 mm
"Ratchet P-Clamp, 0.76 - 1.42"" Bundle Dia, 90° Long, 0.26"" Hole Dia, PA66HIRHSUV/SS304, Black, 140/ctn",https://www.hellermanntyton.us/products/151-02004/,90 °,36.0 mm,19.4 mm,169.8 mm,"Polyamide 6.6 high impact modified, heat and UV stabilized (PA66HIRHSUV);Stainless Steel (SS304)",6.5 mm
"Ratchet P-Clamp, 0.76 - 1.42"" Bundle Dia, 90° Long, 0.33"" Hole Dia, PA66HIRHSUV/ST/ZN, Black, 140/ctn",https://www.hellermanntyton.us/products/151-01495/,90 °,36.0 mm,19.4 mm,169.8 mm,"Polyamide 6.6 high impact modified, heat and UV stabilized (PA66HIRHSUV);Steel (ST);Zinc plated (ZN)",8.31 mm
"Ratchet P-Clamp, 0.76 - 1.42"" Bundle Dia, 90° Long, 0.33"" Hole Dia, PA66HIRHSUV/SS304, Black, 140/ctn",https://www.hellermanntyton.us/products/151-02005/,90 °,36.0 mm,19.4 mm,169.8 mm,"Polyamide 6.6 high impact modified, heat and UV stabilized (PA66HIRHSUV);Stainless Steel (SS304)",8.31 mm
"Ratchet P-Clamp, 0.76 - 1.42"" Bundle Dia, 90° Short, 0.41"" Hole Dia, PA66HIRHSUV/ST/ZN, Black, 160/ctn",https://www.hellermanntyton.us/products/151-01493/,90 °,36.0 mm,19.4 mm,141.8 mm,"Polyamide 6.6 high impact modified, heat and UV stabilized (PA66HIRHSUV);Steel (ST);Zinc plated (ZN)",10.29 mm
"Ratchet P-Clamp, 0.76 - 1.42"" Bundle Dia, 90° Short, 0.41"" Hole Dia, PA66HIRHSUV/SS304, Black, 160/ctn",https://www.hellermanntyton.us/products/151-02002/,90 °,36.0 mm,19.4 mm,141.8 mm,"Polyamide 6.6 high impact modified, heat and UV stabilized (PA66HIRHSUV);Stainless Steel (SS304)",10.29 mm
"Ratchet P-Clamp, 0.76 - 1.42"" Bundle Dia, 90° Short, 0.26"" Hole Dia, PA66HIRHSUV/ST/ZN, Black, 160/ctn",https://www.hellermanntyton.us/products/151-01659/,90 °,36.0 mm,19.4 mm,141.8 mm,"Polyamide 6.6 high impact modified, heat and UV stabilized (PA66HIRHSUV);Steel (ST);Zinc plated (ZN)",6.5 mm
"Ratchet P-Clamp, 0.76 - 1.42"" Bundle Dia, 90° Short, 0.26"" Hole Dia, PA66HIRHSUV/SS304, Black, 160/ctn",https://www.hellermanntyton.us/products/151-01999/,90 °,36.0 mm,19.4 mm,141.8 mm,"Polyamide 6.6 high impact modified, heat and UV stabilized (PA66HIRHSUV);Stainless Steel (SS304)",6.5 mm
"Ratchet P-Clamp, 0.76 - 1.42"" Bundle Dia, 90° Short, 0.33"" Hole Dia, PA66HIRHSUV/SS304, Black, 160/ctn",https://www.hellermanntyton.us/products/151-02001/,90 °,36.0 mm,19.4 mm,141.8 mm,"Polyamide 6.6 high impact modified, heat and UV stabilized (PA66HIRHSUV);Stainless Steel (SS304)",8.31 mm
"Ratchet P-Clamp, 0.76 - 1.42"" Bundle Dia, 90° Short, 0.51"" Hole Dia, PA66HIRHSUV/ST/ZN, Black, 160/ctn",https://www.hellermanntyton.us/products/151-01494/,90 °,36.0 mm,19.4 mm,141.8 mm,"Polyamide 6.6 high impact modified, heat and UV stabilized (PA66HIRHSUV);Steel (ST);Zinc plated (ZN)",12.95 mm
"Ratchet P-Clamp, 0.76 - 1.42"" Bundle Dia, 90° Short, 0.51"" Hole Dia, PA66HIRHSUV/SS304, Black, 160/ctn",https://www.hellermanntyton.us/products/151-02003/,90 °,36.0 mm,19.4 mm,141.8 mm,"Polyamide 6.6 high impact modified, heat and UV stabilized (PA66HIRHSUV);Stainless Steel (SS304)",12.95 mm
"Ratchet P-Clamp, 1.38 - 2.01"" Bundle Dia, 180° Short, 0.41"" Hole Dia, PA66HIRHSUV/ST/ZN, Black, 160/ctn",https://www.hellermanntyton.us/products/151-01501/,180 °,51.0 mm,36.0 mm,181.5 mm,"Polyamide 6.6 high impact modified, heat and UV stabilized (PA66HIRHSUV);Steel (ST);Zinc plated (ZN)",10.29 mm
"Ratchet P-Clamp, 1.42 - 2.0"" Bundle Dia, 180° Short, 0.41"" Hole Dia, PA66HIRHSUV/ST/ZN, Black, 20/bg",https://www.hellermanntyton.us/products/151-03042/,180 °,51.0 mm,36.0 mm,156.1 mm,"Polyamide 6.6 high impact modified, heat and UV stabilized (PA66HIRHSUV);Steel (ST);Zinc plated (ZN)",10.29 mm
"Ratchet P-Clamp, 1.38 - 2.01"" Bundle Dia, 180° Short, 0.41"" Hole Dia, PA66HIRHSUV/ST/ZN, Orange, 160/ctn",https://www.hellermanntyton.us/products/151-03462/,180 °,51.0 mm,36.0 mm,181.5 mm,"Polyamide 6.6 high impact modified, heat and UV stabilized (PA66HIRHSUV);Steel (ST);Zinc plated (ZN)",10.29 mm
"Series 6 Ratchet Clamp, 1.42 - 2.0"" Bundle Dia, 1.97"" x 1.18"" Hook, PA66HIRHSUV/ZN, Black, 140/ctn",https://www.hellermanntyton.us/products/151-03622/,180 °,51.0 mm,36.0 mm,199.7 mm,"Polyamide 6.6 high impact modified, heat and UV stabilized (PA66HIRHSUV);Zinc plated (ZN)",
"Ratchet P-Clamp, 1.38 - 2.01"" Bundle Dia, 15° Short, 0.41"" Hole Dia, PA66HIRHSUV/ST/ZN, Black, 160/ctn",https://www.hellermanntyton.us/products/151-01510/,15 °,51.0 mm,36.0 mm,180.9 mm,"Polyamide 6.6 high impact modified, heat and UV stabilized (PA66HIRHSUV);Steel (ST);Zinc plated (ZN)",10.29 mm
"Ratchet P-Clamp, 1.38 - 2.01"" Bundle Dia, 15° Short, 0.41"" Hole Dia, PA66HIRHSUV/SS304, Black, 160/ctn",https://www.hellermanntyton.us/products/151-02022/,15 °,51.0 mm,36.0 mm,180.9 mm,"Polyamide 6.6 high impact modified, heat and UV stabilized (PA66HIRHSUV);Stainless Steel (SS304)",10.29 mm
"Ratchet P-Clamp, 1.38 - 2.01"" Bundle Dia, 15° Short, 0.51"" Hole Dia, PA66HIRHSUV/ST/ZN, Black, 160/ctn",https://www.hellermanntyton.us/products/151-01511/,15 °,51.0 mm,36.0 mm,180.9 mm,"Polyamide 6.6 high impact modified, heat and UV stabilized (PA66HIRHSUV);Steel (ST);Zinc plated (ZN)",12.95 mm
"Ratchet P-Clamp, 1.38 - 2.01"" Bundle Dia, 15° Short, 0.51"" Hole Dia, PA66HIRHSUV/SS304, Black, 160/ctn",https://www.hellermanntyton.us/products/151-02023/,15 °,51.0 mm,36.0 mm,180.9 mm,"Polyamide 6.6 high impact modified, heat and UV stabilized (PA66HIRHSUV);Stainless Steel (SS304)",12.95 mm
"Ratchet P-Clamp, 1.38 - 2.01"" Bundle Dia, 15° Short, 0.26"" Hole Dia, PA66HIRHSUV/ST/ZN, Black, 160/ctn",https://www.hellermanntyton.us/products/151-01664/,15 °,51.0 mm,36.0 mm,180.9 mm,"Polyamide 6.6 high impact modified, heat and UV stabilized (PA66HIRHSUV);Steel (ST);Zinc plated (ZN)",6.5 mm
"Ratchet P-Clamp, 1.38 - 2.01"" Bundle Dia, 15° Short, 0.26"" Hole Dia, PA66HIRHSUV/SS304, Black, 160/ctn",https://www.hellermanntyton.us/products/151-02020/,15 °,51.0 mm,36.0 mm,180.9 mm,"Polyamide 6.6 high impact modified, heat and UV stabilized (PA66HIRHSUV);Stainless Steel (SS304)",6.5 mm
"Ratchet P-Clamp, 1.38 - 2.01"" Bundle Dia, 15° Short, 0.33"" Hole Dia, PA66HIRHSUV/ST/ZN, Black, 160/ctn",https://www.hellermanntyton.us/products/151-01509/,15 °,51.0 mm,36.0 mm,180.9 mm,"Polyamide 6.6 high impact modified, heat and UV stabilized (PA66HIRHSUV);Steel (ST);Zinc plated (ZN)",8.31 mm
"Ratchet P-Clamp, 1.38 - 2.01"" Bundle Dia, 15° Short, 0.33"" Hole Dia, PA66HIRHSUV/SS304, Black, 160/ctn",https://www.hellermanntyton.us/products/151-02021/,15 °,51.0 mm,36.0 mm,180.9 mm,"Polyamide 6.6 high impact modified, heat and UV stabilized (PA66HIRHSUV);Stainless Steel (SS304)",8.31 mm
"Ratchet P-Clamp, 1.38 - 2.01"" Bundle Dia, 15° Short, 0.33"" Hole Dia, PA666V0/SS304, Black, 160/ctn",https://www.hellermanntyton.us/products/151-03149/,15 °,51.0 mm,36.0 mm,180.9 mm,"Polyamide 6.6/6, V0 (PA666V0);Stainless Steel (SS304)",8.31 mm
"Ratchet P-Clamp, 1.38 - 2.01"" Bundle Dia, 180° Long, 0.41"" Hole Dia, PA66HIRHSUV/ST/ZN, Black, 140/ctn",https://www.hellermanntyton.us/products/151-01507/,180 °,51.0 mm,36.0 mm,232.5 mm,"Polyamide 6.6 high impact modified, heat and UV stabilized (PA66HIRHSUV);Steel (ST);Zinc plated (ZN)",10.29 mm
"Ratchet P-Clamp, 1.38 - 2.01"" Bundle Dia, 180° Long, 0.41"" Hole Dia, PA666V0/SS304, Black, 140/ctn",https://www.hellermanntyton.us/products/151-03007/,180 °,51.0 mm,36.0 mm,232.5 mm,"Polyamide 6.6/6, V0 (PA666V0);Stainless Steel (SS304)",10.4 mm
"Ratchet P-Clamp, 1.38 - 2.01"" Bundle Dia, 180° Long, 0.41"" Hole Dia, PA66HIRHSUV/SS304, Black, 140/ctn",https://www.hellermanntyton.us/products/151-02018/,180 °,51.0 mm,36.0 mm,232.5 mm,"Polyamide 6.6 high impact modified, heat and UV stabilized (PA66HIRHSUV);Stainless Steel (SS304)",10.29 mm
"Ratchet P-Clamp, 1.38 - 2.01"" Bundle Dia, 180° Long, 0.51"" Hole Dia, PA66HIRHSUV/ST/ZN, Black, 140/ctn",https://www.hellermanntyton.us/products/151-01508/,180 °,51.0 mm,36.0 mm,232.5 mm,"Polyamide 6.6 high impact modified, heat and UV stabilized (PA66HIRHSUV);Steel (ST);Zinc plated (ZN)",12.95 mm
"Ratchet P-Clamp, 1.38 - 2.01"" Bundle Dia, 180° Long, 0.51"" Hole Dia, PA66HIRHSUV/SS304, Black, 140/ctn",https://www.hellermanntyton.us/products/151-02019/,180 °,51.0 mm,36.0 mm,232.5 mm,"Polyamide 6.6 high impact modified, heat and UV stabilized (PA66HIRHSUV);Stainless Steel (SS304)",12.95 mm
"Ratchet P-Clamp, 1.38 - 2.01"" Bundle Dia, 180° Long, 0.26"" Hole Dia, PA66HIRHSUV/ST/ZN, Black, 140/ctn",https://www.hellermanntyton.us/products/151-01663/,180 °,51.0 mm,36.0 mm,232.5 mm,"Polyamide 6.6 high impact modified, heat and UV stabilized (PA66HIRHSUV);Steel (ST);Zinc plated (ZN)",6.5 mm
"Ratchet P-Clamp, 1.38 - 2.01"" Bundle Dia, 180° Long, 0.26"" Hole Dia, PA66HIRHSUV/SS304, Black, 140/ctn",https://www.hellermanntyton.us/products/151-02016/,180 °,51.0 mm,36.0 mm,232.5 mm,"Polyamide 6.6 high impact modified, heat and UV stabilized (PA66HIRHSUV);Stainless Steel (SS304)",6.5 mm
"Ratchet P-Clamp, 1.38 - 2.01"" Bundle Dia, 180° Long, 0.33"" Hole Dia, PA66HIRHSUV/ST/ZN, Black, 140/ctn",https://www.hellermanntyton.us/products/151-01506/,180 °,51.0 mm,36.0 mm,232.5 mm,"Polyamide 6.6 high impact modified, heat and UV stabilized (PA66HIRHSUV);Steel (ST);Zinc plated (ZN)",8.31 mm
"Ratchet P-Clamp, 1.38 - 2.01"" Bundle Dia, 180° Long, 0.33"" Hole Dia, PA66HIRHSUV/SS304, Black, 140/ctn",https://www.hellermanntyton.us/products/151-02017/,180 °,51.0 mm,36.0 mm,232.5 mm,"Polyamide 6.6 high impact modified, heat and UV stabilized (PA66HIRHSUV);Stainless Steel (SS304)",8.31 mm
"Ratchet P-Clamp, 1.38 - 2.01"" Bundle Dia, 180° Med, 0.41"" Hole Dia, PA66HIRHSUV/ST/ZN, Black, 140/ctn",https://www.hellermanntyton.us/products/151-01504/,180 °,51.0 mm,36.0 mm,203.45 mm,"Polyamide 6.6 high impact modified, heat and UV stabilized (PA66HIRHSUV);Steel (ST);Zinc plated (ZN)",10.29 mm
"Ratchet P-Clamp, 1.38 - 2.01"" Bundle Dia, 180° Med, 0.41"" Hole Dia, PA66HIRHSUV/SS304, Black, 140/ctn",https://www.hellermanntyton.us/products/151-02014/,180 °,51.0 mm,36.0 mm,203.45 mm,"Polyamide 6.6 high impact modified, heat and UV stabilized (PA66HIRHSUV);Stainless Steel (SS304)",10.29 mm
"Ratchet P-Clamp, 1.38 - 2.01"" Bundle Dia, 180° Med, 0.51"" Hole Dia, PA66HIRHSUV/ST/ZN, Black, 140/ctn",https://www.hellermanntyton.us/products/151-01505/,180 °,51.0 mm,36.0 mm,203.45 mm,"Polyamide 6.6 high impact modified, heat and UV stabilized (PA66HIRHSUV);Steel (ST);Zinc plated (ZN)",12.95 mm
"Ratchet P-Clamp, 1.38 - 2.01"" Bundle Dia, 180° Med, 0.51"" Hole Dia, PA66HIRHSUV/SS304, Black, 140/ctn",https://www.hellermanntyton.us/products/151-02015/,180 °,51.0 mm,36.0 mm,203.45 mm,"Polyamide 6.6 high impact modified, heat and UV stabilized (PA66HIRHSUV);Stainless Steel (SS304)",12.95 mm
"Ratchet P-Clamp, 1.38 - 2.01"" Bundle Dia, 180° Med, 0.26"" Hole Dia, PA66HIRHSUV/ST/ZN, Black, 140/ctn",https://www.hellermanntyton.us/products/151-01662/,180 °,51.0 mm,36.0 mm,203.45 mm,"Polyamide 6.6 high impact modified, heat and UV stabilized (PA66HIRHSUV);Steel (ST);Zinc plated (ZN)",6.5 mm
"Ratchet P-Clamp, 1.38 - 2.01"" Bundle Dia, 180° Med, 0.26"" Hole Dia, PA66HIRHSUV/SS304, Black, 140/ctn",https://www.hellermanntyton.us/products/151-02012/,180 °,51.0 mm,36.0 mm,203.45 mm,"Polyamide 6.6 high impact modified, heat and UV stabilized (PA66HIRHSUV);Stainless Steel (SS304)",6.5 mm
"Ratchet P-Clamp, 1.38 - 2.01"" Bundle Dia, 180° Med, 0.33"" Hole Dia, PA66HIRHSUV/ST/ZN, Black, 140/ctn",https://www.hellermanntyton.us/products/151-01503/,180 °,51.0 mm,36.0 mm,203.45 mm,"Polyamide 6.6 high impact modified, heat and UV stabilized (PA66HIRHSUV);Steel (ST);Zinc plated (ZN)",8.31 mm
"Ratchet P-Clamp, 1.38 - 2.01"" Bundle Dia, 180° Medium, 0.33"" Hole Dia, PA666V0/SS304, Black, 140/ctn",https://www.hellermanntyton.us/products/151-03111/,180 °,51.0 mm,36.0 mm,203.5 mm,"Polyamide 6.6/6, V0 (PA666V0);Stainless Steel (SS304)",8.4 mm
"Ratchet P-Clamp, 1.38 - 2.01"" Bundle Dia, 180° Med, 0.33"" Hole Dia, PA66HIRHSUV/SS304, Black, 140/ctn",https://www.hellermanntyton.us/products/151-02013/,180 °,51.0 mm,36.0 mm,203.45 mm,"Polyamide 6.6 high impact modified, heat and UV stabilized (PA66HIRHSUV);Stainless Steel (SS304)",8.31 mm
"Ratchet P-Clamp, 1.38 - 2.01"" Bundle Dia, 180º Short, 0.41"" Hole Dia, PA666V0/SS304, Black, 160/ctn",https://www.hellermanntyton.us/products/151-03008/,180 °,51.0 mm,36.0 mm,181.5 mm,"Polyamide 6.6/6, V0 (PA666V0);Stainless Steel (SS304)",10.4 mm
"Ratchet P-Clamp, 1.38 - 2.01"" Bundle Dia, 180° Short, 0.41"" Hole Dia, PA66HIRHSUV/SS304, Black, 160/ctn",https://www.hellermanntyton.us/products/151-02010/,180 °,51.0 mm,36.0 mm,181.5 mm,"Polyamide 6.6 high impact modified, heat and UV stabilized (PA66HIRHSUV);Stainless Steel (SS304)",10.29 mm
"Ratchet P-Clamp, 1.38 - 2.01"" Bundle Dia, 180° Short, 0.51"" Hole Dia, PA66HIRHSUV/ST/ZN, Black, 160/ctn",https://www.hellermanntyton.us/products/151-01502/,180 °,51.0 mm,36.0 mm,181.5 mm,"Polyamide 6.6 high impact modified, heat and UV stabilized (PA66HIRHSUV);Steel (ST);Zinc plated (ZN)",12.95 mm
"Ratchet P-Clamp, 1.38 - 2.01"" Bundle Dia, 180° Short, 0.51"" Hole Dia, PA66HIRHSUV/SS304, Black, 160/ctn",https://www.hellermanntyton.us/products/151-02011/,180 °,51.0 mm,36.0 mm,181.5 mm,"Polyamide 6.6 high impact modified, heat and UV stabilized (PA66HIRHSUV);Stainless Steel (SS304)",12.95 mm
"Ratchet P-Clamp, 1.38 - 2.01"" Bundle Dia, 180° Short, 0.26"" Hole Dia, PA66HIRHSUV/ST/ZN, Black, 160/ctn",https://www.hellermanntyton.us/products/151-01661/,180 °,51.0 mm,36.0 mm,181.5 mm,"Polyamide 6.6 high impact modified, heat and UV stabilized (PA66HIRHSUV);Steel (ST);Zinc plated (ZN)",6.5 mm
"Ratchet P-Clamp, 1.38 - 2.01"" Bundle Dia, 180° Short, 0.26"" Hole Dia, PA66HIRHSUV/ST/ZN, Black, 3/bg",https://www.hellermanntyton.us/products/151-01673/,180 °,51.0 mm,36.0 mm,181.5 mm,"Polyamide 6.6 high impact modified, heat and UV stabilized (PA66HIRHSUV);Steel (ST);Zinc plated (ZN)",6.5 mm
"Ratchet P-Clamp, 1.42 - 2.0"" Bundle Dia, 180° Short, 0.26"" Hole Dia, PA66HIRHSUV/ST/ZN, Black, 20/bg",https://www.hellermanntyton.us/products/151-03043/,180 °,51.0 mm,36.0 mm,181.5 mm,"Polyamide 6.6 high impact modified, heat and UV stabilized (PA66HIRHSUV);Steel (ST);Zinc plated (ZN)",6.5 mm
"Ratchet P-Clamp, 1.38 - 2.01"" Bundle Dia, 180° Short, 0.26"" Hole Dia, PA66HIRHSUV/SS304, Black, 160/ctn",https://www.hellermanntyton.us/products/151-02008/,180 °,51.0 mm,36.0 mm,181.5 mm,"Polyamide 6.6 high impact modified, heat and UV stabilized (PA66HIRHSUV);Stainless Steel (SS304)",6.5 mm
"Ratchet P-Clamp, 1.38 - 2.01"" Bundle Dia, 180° Short, 0.33"" Hole Dia, PA666V0/ST/ZN, Black, 160/ctn",https://www.hellermanntyton.us/products/151-03015/,180 °,51.0 mm,36.0 mm,181.5 mm,"Polyamide 6.6/6, V0 (PA666V0);Steel (ST);Zinc plated (ZN)",8.4 mm
"Ratchet P-Clamp, 1.38 - 2.01"" Bundle Dia, 180° Short, 0.33"" Hole Dia, PA66HIRHSUV/ST/ZN, Black, 160/ctn",https://www.hellermanntyton.us/products/151-01499/,180 °,51.0 mm,36.0 mm,181.5 mm,"Polyamide 6.6 high impact modified, heat and UV stabilized (PA66HIRHSUV);Steel (ST);Zinc plated (ZN)",8.31 mm
"Ratchet P-Clamp, 1.42 - 2.0"" Bundle Dia, 180° Short, 0.33"" Hole Dia, PA66HIRHSUV/ST/ZN, Black, 20/bg",https://www.hellermanntyton.us/products/151-03044/,180 °,51.0 mm,36.0 mm,181.5 mm,"Polyamide 6.6 high impact modified, heat and UV stabilized (PA66HIRHSUV);Steel (ST);Zinc plated (ZN)",8.31 mm
"Ratchet P-Clamp, 1.38 - 2.01"" Bundle Dia, 180° Short, 0.33"" Hole Dia, PA666V0/SS304, Black, 160/ctn",https://www.hellermanntyton.us/products/151-02734/,180 °,51.0 mm,36.0 mm,181.5 mm,"Polyamide 6.6/6, V0 (PA666V0);Stainless Steel (SS304)",8.4 mm
"Ratchet P-Clamp, 1.38 - 2.01"" Bundle Dia, 180° Short, 0.33"" Hole Dia, PA66HIRHSUV/SS304, Black, 160/ctn",https://www.hellermanntyton.us/products/151-02009/,180 °,51.0 mm,36.0 mm,181.5 mm,"Polyamide 6.6 high impact modified, heat and UV stabilized (PA66HIRHSUV);Stainless Steel (SS304)",8.31 mm
"Ratchet P-Clamp, 1.38 - 2.01"" Bundle Dia, 30° Long, 0.41"" Hole Dia, PA66HIRHSUV/ST/ZN, Black, 140/ctn",https://www.hellermanntyton.us/products/151-01516/,30 °,51.0 mm,36.0 mm,215.9 mm,"Polyamide 6.6 high impact modified, heat and UV stabilized (PA66HIRHSUV);Steel (ST);Zinc plated (ZN)",10.29 mm
"Ratchet P-Clamp, 1.38 - 2.01"" Bundle Dia, 30° Long, 0.41"" Hole Dia, PA666V0/SS304, Black, 140/ctn",https://www.hellermanntyton.us/products/151-03009/,30 °,51.0 mm,36.0 mm,215.9 mm,"Polyamide 6.6/6, V0 (PA666V0);Stainless Steel (SS304)",10.4 mm
"Ratchet P-Clamp, 1.38 - 2.01"" Bundle Dia, 30° Long, 0.41"" Hole Dia, PA66HIRHSUV/SS304, Black, 140/ctn",https://www.hellermanntyton.us/products/151-02030/,30 °,51.0 mm,36.0 mm,215.9 mm,"Polyamide 6.6 high impact modified, heat and UV stabilized (PA66HIRHSUV);Stainless Steel (SS304)",10.29 mm
"Ratchet P-Clamp, 1.38 - 2.01"" Bundle Dia, 30° Long, 0.51"" Hole Dia, PA66HIRHSUV/ST/ZN, Black, 140/ctn",https://www.hellermanntyton.us/products/151-01517/,30 °,51.0 mm,36.0 mm,215.9 mm,"Polyamide 6.6 high impact modified, heat and UV stabilized (PA66HIRHSUV);Steel (ST);Zinc plated (ZN)",12.95 mm
"Ratchet P-Clamp, 1.38 - 2.01"" Bundle Dia, 30° Long, 0.51"" Hole Dia, PA66HIRHSUV/SS304, Black, 140/ctn",https://www.hellermanntyton.us/products/151-02031/,30 °,51.0 mm,36.0 mm,215.9 mm,"Polyamide 6.6 high impact modified, heat and UV stabilized (PA66HIRHSUV);Stainless Steel (SS304)",12.95 mm
"Ratchet P-Clamp, 1.38 - 2.01"" Bundle Dia, 30° Long, 0.26"" Hole Dia, PA66HIRHSUV/ST/ZN, Black, 140/ctn",https://www.hellermanntyton.us/products/151-01666/,30 °,51.0 mm,36.0 mm,215.9 mm,"Polyamide 6.6 high impact modified, heat and UV stabilized (PA66HIRHSUV);Steel (ST);Zinc plated (ZN)",6.5 mm
"Ratchet P-Clamp, 1.38 - 2.01"" Bundle Dia, 30° Long, 0.26"" Hole Dia, PA66HIRHSUV/SS304, Black, 140/ctn",https://www.hellermanntyton.us/products/151-02028/,30 °,51.0 mm,36.0 mm,215.9 mm,"Polyamide 6.6 high impact modified, heat and UV stabilized (PA66HIRHSUV);Stainless Steel (SS304)",6.5 mm
"Ratchet P-Clamp, 1.38 - 2.01"" Bundle Dia, 30° Long, 0.33"" Hole Dia, PA66HIRHSUV/ST/ZN, Black, 140/ctn",https://www.hellermanntyton.us/products/151-01515/,30 °,51.0 mm,36.0 mm,215.9 mm,"Polyamide 6.6 high impact modified, heat and UV stabilized (PA66HIRHSUV);Steel (ST);Zinc plated (ZN)",8.31 mm
"Ratchet P-Clamp, 1.38 - 2.01"" Bundle Dia, 30° Long, 0.33"" Hole Dia, PA666V0/SS304, Black, 140/ctn",https://www.hellermanntyton.us/products/151-03145/,30 °,51.0 mm,36.0 mm,215.9 mm,"Polyamide 6.6/6, V0 (PA666V0);Stainless Steel (SS304)",8.31 mm
"Ratchet P-Clamp, 1.38 - 2.01"" Bundle Dia, 30° Long, 0.33"" Hole Dia, PA66HIRHSUV/SS304, Black, 140/ctn",https://www.hellermanntyton.us/products/151-02029/,30 °,51.0 mm,36.0 mm,215.9 mm,"Polyamide 6.6 high impact modified, heat and UV stabilized (PA66HIRHSUV);Stainless Steel (SS304)",8.31 mm
"Ratchet P-Clamp, 1.38 - 2.01"" Bundle Dia, 30° Short, 0.41"" Hole Dia, PA66HIRHSUV/ST/ZN, Black, 160/ctn",https://www.hellermanntyton.us/products/151-01513/,30 °,51.0 mm,36.0 mm,178.8 mm,"Polyamide 6.6 high impact modified, heat and UV stabilized (PA66HIRHSUV);Steel (ST);Zinc plated (ZN)",10.29 mm
"Ratchet P-Clamp, 1.38 - 2.01"" Bundle Dia, 30° Short, 0.41"" Hole Dia, PA66HIRHSUV/SS304, Black, 160/ctn",https://www.hellermanntyton.us/products/151-02026/,30 °,51.0 mm,36.0 mm,178.8 mm,"Polyamide 6.6 high impact modified, heat and UV stabilized (PA66HIRHSUV);Stainless Steel (SS304)",10.29 mm
"Ratchet P-Clamp, 1.38 - 2.01"" Bundle Dia, 30° Short, 0.51"" Hole Dia, PA66HIRHSUV/ST/ZN, Black, 160/ctn",https://www.hellermanntyton.us/products/151-01514/,30 °,51.0 mm,36.0 mm,178.8 mm,"Polyamide 6.6 high impact modified, heat and UV stabilized (PA66HIRHSUV);Steel (ST);Zinc plated (ZN)",12.95 mm
"Ratchet P-Clamp, 1.38 - 2.01"" Bundle Dia, 30° Short, 0.51"" Hole Dia, PA66HIRHSUV/SS304, Black, 160/ctn",https://www.hellermanntyton.us/products/151-02027/,30 °,51.0 mm,36.0 mm,178.8 mm,"Polyamide 6.6 high impact modified, heat and UV stabilized (PA66HIRHSUV);Stainless Steel (SS304)",12.95 mm
"Ratchet P-Clamp, 1.38 - 2.01"" Bundle Dia, 30° Short, 0.26"" Hole Dia, PA66HIRHSUV/ST/ZN, Black, 160/ctn",https://www.hellermanntyton.us/products/151-01665/,30 °,51.0 mm,36.0 mm,178.8 mm,"Polyamide 6.6 high impact modified, heat and UV stabilized (PA66HIRHSUV);Steel (ST);Zinc plated (ZN)",6.5 mm
"Ratchet P-Clamp, 1.38 - 2.01"" Bundle Dia, 30° Short, 0.26"" Hole Dia, PA66HIRHSUV/SS304, Black, 160/ctn",https://www.hellermanntyton.us/products/151-02024/,30 °,51.0 mm,36.0 mm,178.8 mm,"Polyamide 6.6 high impact modified, heat and UV stabilized (PA66HIRHSUV);Stainless Steel (SS304)",6.5 mm
"Ratchet P-Clamp, 1.38 - 2.01"" Bundle Dia, 30° Short, 0.33"" Hole Dia, PA66HIRHSUV/ST/ZN, Black, 160/ctn",https://www.hellermanntyton.us/products/151-01512/,30 °,51.0 mm,36.0 mm,178.8 mm,"Polyamide 6.6 high impact modified, heat and UV stabilized (PA66HIRHSUV);Steel (ST);Zinc plated (ZN)",8.31 mm
"Ratchet P-Clamp, 1.38 - 2.01"" Bundle Dia, 30° Short, 0.33"" Hole Dia, PA666V0/SS304, Black, 160/ctn",https://www.hellermanntyton.us/products/151-03146/,30 °,51.0 mm,36.0 mm,178.8 mm,"Polyamide 6.6/6, V0 (PA666V0);Stainless Steel (SS304)",8.31 mm
"Ratchet P-Clamp, 1.38 - 2.01"" Bundle Dia, 30° Short, 0.33"" Hole Dia, PA66HIRHSUV/SS304, Black, 160/ctn",https://www.hellermanntyton.us/products/151-02025/,30 °,51.0 mm,36.0 mm,178.8 mm,"Polyamide 6.6 high impact modified, heat and UV stabilized (PA66HIRHSUV);Stainless Steel (SS304)",8.31 mm
"Ratchet P-Clamp, 1.38 - 2.01"" Bundle Dia, 90° Long, 0.41"" Hole Dia, PA66HIRHSUV/ST/ZN, Black, 140/ctn",https://www.hellermanntyton.us/products/151-01522/,90 °,51.0 mm,36.0 mm,195.2 mm,"Polyamide 6.6 high impact modified, heat and UV stabilized (PA66HIRHSUV);Steel (ST);Zinc plated (ZN)",10.29 mm
"Ratchet P-Clamp, 1.38 - 2.01"" Bundle Dia, 90° Long, 0.41"" Hole Dia, PA666V0/SS304, Black, 140/ctn",https://www.hellermanntyton.us/products/151-03010/,90 °,51.0 mm,36.0 mm,195.2 mm,"Polyamide 6.6/6, V0 (PA666V0);Stainless Steel (SS304)",10.4 mm
"Ratchet P-Clamp, 1.38 - 2.01"" Bundle Dia, 90° Long, 0.41"" Hole Dia, PA66HIRHSUV/SS304, Black, 140/ctn",https://www.hellermanntyton.us/products/151-02038/,90 °,51.0 mm,36.0 mm,195.2 mm,"Polyamide 6.6 high impact modified, heat and UV stabilized (PA66HIRHSUV);Stainless Steel (SS304)",10.29 mm
"Ratchet P-Clamp, 1.38 - 2.01"" Bundle Dia, 90° Long, 0.51"" Hole Dia, PA66HIRHSUV/ST/ZN, Black, 140/ctn",https://www.hellermanntyton.us/products/151-01523/,90 °,51.0 mm,36.0 mm,195.2 mm,"Polyamide 6.6 high impact modified, heat and UV stabilized (PA66HIRHSUV);Steel (ST);Zinc plated (ZN)",12.95 mm
"Ratchet P-Clamp, 1.38 - 2.01"" Bundle Dia, 90° Long, 0.51"" Hole Dia, PA66HIRHSUV/SS304, Black, 140/ctn",https://www.hellermanntyton.us/products/151-02039/,90 °,51.0 mm,36.0 mm,195.2 mm,"Polyamide 6.6 high impact modified, heat and UV stabilized (PA66HIRHSUV);Stainless Steel (SS304)",12.95 mm
"Ratchet P-Clamp, 1.38 - 2.01"" Bundle Dia, 90° Long, 0.26"" Hole Dia, PA66HIRHSUV/ST/ZN, Black, 140/ctn",https://www.hellermanntyton.us/products/151-01628/,90 °,51.0 mm,36.0 mm,195.2 mm,"Polyamide 6.6 high impact modified, heat and UV stabilized (PA66HIRHSUV);Steel (ST);Zinc plated (ZN)",6.5 mm
"Ratchet P-Clamp, 1.38 - 2.01"" Bundle Dia, 90° Long, 0.26"" Hole Dia, PA66HIRHSUV/SS304, Black, 140/ctn",https://www.hellermanntyton.us/products/151-02036/,90 °,51.0 mm,36.0 mm,195.2 mm,"Polyamide 6.6 high impact modified, heat and UV stabilized (PA66HIRHSUV);Stainless Steel (SS304)",6.5 mm
"Ratchet P-Clamp, 1.38 - 2.01"" Bundle Dia, 90° Long, 0.33"" Hole Dia, PA666V0/ST/ZN, Black, 140/ctn",https://www.hellermanntyton.us/products/151-02878/,90 °,51.0 mm,36.0 mm,195.2 mm,"Polyamide 6.6/6, V0 (PA666V0);Steel (ST);Zinc plated (ZN)",8.4 mm
"Ratchet P-Clamp, 1.38 - 2.01"" Bundle Dia, 90° Long, 0.33"" Hole Dia, PA66HIRHSUV/ST/ZN, Black, 140/ctn",https://www.hellermanntyton.us/products/151-01521/,90 °,51.0 mm,36.0 mm,195.2 mm,"Polyamide 6.6 high impact modified, heat and UV stabilized (PA66HIRHSUV);Steel (ST);Zinc plated (ZN)",8.31 mm
"Ratchet P-Clamp, 1.38 - 2.01"" Bundle Dia, 90° Long, 0.33"" Hole Dia, PA666V0/SS304, Black, 140/ctn",https://www.hellermanntyton.us/products/151-03144/,90 °,51.0 mm,36.0 mm,195.2 mm,"Polyamide 6.6/6, V0 (PA666V0);Stainless Steel (SS304)",8.4 mm
"Ratchet P-Clamp, 1.38 - 2.01"" Bundle Dia, 90° Long, 0.33"" Hole Dia, PA66HIRHSUV/SS304, Black, 140/ctn",https://www.hellermanntyton.us/products/151-02037/,90 °,51.0 mm,36.0 mm,195.2 mm,"Polyamide 6.6 high impact modified, heat and UV stabilized (PA66HIRHSUV);Stainless Steel (SS304)",8.31 mm
"Ratchet P-Clamp, 1.38 - 2.01"" Bundle Dia, 90° Short, 0.41"" Hole Dia, PA66HIRHSUV/ST/ZN, Black, 160/ctn",https://www.hellermanntyton.us/products/151-01519/,90 °,51.0 mm,36.0 mm,167.2 mm,"Polyamide 6.6 high impact modified, heat and UV stabilized (PA66HIRHSUV);Steel (ST);Zinc plated (ZN)",10.29 mm
"Ratchet P-Clamp, 1.38 - 2.01"" Bundle Dia, 90° Short, 0.41"" Hole Dia, PA66HIRHSUV/SS304, Black, 160/ctn",https://www.hellermanntyton.us/products/151-02034/,90 °,51.0 mm,36.0 mm,167.2 mm,"Polyamide 6.6 high impact modified, heat and UV stabilized (PA66HIRHSUV);Stainless Steel (SS304)",10.29 mm
"Ratchet P-Clamp, 1.38 - 2.01"" Bundle Dia, 90° Short, 0.51"" Hole Dia, PA66HIRHSUV/ST/ZN, Black, 160/ctn",https://www.hellermanntyton.us/products/151-01520/,90 °,51.0 mm,36.0 mm,167.2 mm,"Polyamide 6.6 high impact modified, heat and UV stabilized (PA66HIRHSUV);Steel (ST);Zinc plated (ZN)",12.95 mm
"Ratchet P-Clamp, 1.38 - 2.01"" Bundle Dia, 90° Short, 0.51"" Hole Dia, PA66HIRHSUV/SS304, Black, 160/ctn",https://www.hellermanntyton.us/products/151-02035/,90 °,51.0 mm,36.0 mm,167.2 mm,"Polyamide 6.6 high impact modified, heat and UV stabilized (PA66HIRHSUV);Stainless Steel (SS304)",12.95 mm
"Ratchet P-Clamp, 1.38 - 2.01"" Bundle Dia, 90° Short, 0.26"" Hole Dia, PA66HIRHSUV/ST/ZN, Black, 160/ctn",https://www.hellermanntyton.us/products/151-01667/,90 °,51.0 mm,36.0 mm,167.2 mm,"Polyamide 6.6 high impact modified, heat and UV stabilized (PA66HIRHSUV);Steel (ST);Zinc plated (ZN)",6.5 mm
"Ratchet P-Clamp, 1.38 - 2.01"" Bundle Dia, 90° Short, 0.26"" Hole Dia, PA66HIRHSUV/SS304, Black, 160/ctn",https://www.hellermanntyton.us/products/151-02032/,90 °,51.0 mm,36.0 mm,167.2 mm,"Polyamide 6.6 high impact modified, heat and UV stabilized (PA66HIRHSUV);Stainless Steel (SS304)",6.5 mm
"Ratchet P-Clamp, 1.38 - 2.01"" Bundle Dia, 90° Short, 0.33"" Hole Dia, PA666V0/ST/ZN, Black, 160/ctn",https://www.hellermanntyton.us/products/151-02877/,90 °,51.0 mm,36.0 mm,167.2 mm,"Polyamide 6.6/6, V0 (PA666V0);Steel (ST);Zinc plated (ZN)",8.4 mm
"Ratchet P-Clamp, 1.38 - 2.01"" Bundle Dia, 90° Short, 0.33"" Hole Dia, PA66HIRHSUV/ST/ZN, Black, 160/ctn",https://www.hellermanntyton.us/products/151-01518/,90 °,51.0 mm,36.0 mm,167.2 mm,"Polyamide 6.6 high impact modified, heat and UV stabilized (PA66HIRHSUV);Steel (ST);Zinc plated (ZN)",8.31 mm
"Ratchet P-Clamp, 1.38 - 2.01"" Bundle Dia, 90° Short, 0.33"" Hole Dia, PA666V0/SS304, Black, 160/ctn",https://www.hellermanntyton.us/products/151-03011/,90 °,51.0 mm,36.0 mm,167.2 mm,"Polyamide 6.6/6, V0 (PA666V0);Stainless Steel (SS304)",8.4 mm
"Ratchet P-Clamp, 1.38 - 2.01"" Bundle Dia, 90° Short, 0.33"" Hole Dia, PA66HIRHSUV/SS304, Black, 160/ctn",https://www.hellermanntyton.us/products/151-02033/,90 °,51.0 mm,36.0 mm,167.2 mm,"Polyamide 6.6 high impact modified, heat and UV stabilized (PA66HIRHSUV);Stainless Steel (SS304)",8.31 mm
"Ratchet Clamp Tension Tab, PA66HIRHSUV, Black, 100/bg",https://www.hellermanntyton.us/products/151-01529/,,,,,"Polyamide 6.6 high impact modified, heat and UV stabilized (PA66HIRHSUV)",
"Ratchet P-Clamp Size A Soft Insert, TPE, Black, 100/bg",https://www.hellermanntyton.us/products/151-01530/,,10.7 mm,3.2 mm,,Thermoplastic Elastomer (TPE),
"Ratchet P-Clamp Size B Soft Insert, TPE, Black, 100/bg",https://www.hellermanntyton.us/products/151-01531/,,15.5 mm,8.7 mm,,Thermoplastic Elastomer (TPE),
"Ratchet P-Clamp Size C Soft Insert, TPE, Black, 100/bg",https://www.hellermanntyton.us/products/151-01532/,,32.0 mm,15.4 mm,,Thermoplastic Elastomer (TPE),
"Ratchet P-Clamp Size D Soft Insert, TPE, Black, 100/bg",https://www.hellermanntyton.us/products/151-01533/,,47.0 mm,32.0 mm,,Thermoplastic Elastomer (TPE),
"Ratchet P-Clamp, 2.48 - 3.15"" Bundle Dia, 180° Short, 0.33"" Hole Dia, PA66HIRHSUV/SS304, Black,90/ctn",https://www.hellermanntyton.us/products/151-03122/,180 °,80.0 mm,63.0 mm,243.0 mm,"Polyamide 6.6 high impact modified, heat and UV stabilized (PA66HIRHSUV);Stainless Steel (SS304)",8.31 mm
"Ratchet P-Clamp, 2.48 - 3.15"" Bundle Dia, 180° Short, 0.26"" Hole Dia, PA66HIRHSUV/SS304, Black,90/ctn",https://www.hellermanntyton.us/products/151-03203/,180 °,80.0 mm,63.0 mm,243.0 mm,"Polyamide 6.6 high impact modified, heat and UV stabilized (PA66HIRHSUV);Stainless Steel (SS304)",6.5 mm
"Ratchet P-Clamp, 2.48 - 3.15"" Bundle Dia, 180° Short, 0.51"" Hole Dia, PA66HIRHSUV/SS304, Black,90/ctn",https://www.hellermanntyton.us/products/151-03124/,180 °,80.0 mm,63.0 mm,243.0 mm,"Polyamide 6.6 high impact modified, heat and UV stabilized (PA66HIRHSUV);Stainless Steel (SS304)",12.95 mm
"Ratchet P-Clamp, 2.48 - 3.15"" Bundle Dia, 180° Short, 0.41"" Hole Dia, PA66HIRHSUV/SS304, Black,90/ctn",https://www.hellermanntyton.us/products/151-03123/,180 °,80.0 mm,63.0 mm,243.0 mm,"Polyamide 6.6 high impact modified, heat and UV stabilized (PA66HIRHSUV);Stainless Steel (SS304)",10.29 mm
"Mini Ratchet P-Clamp, 0.15 - 0.31"" Bundle Dia., M8 Hole Dia., PA66HIRHSUV/ST/ZN, Black, 1000/carton",https://www.hellermanntyton.us/products/151-03413/,180 °,7.874 mm,3.81 mm,67.7 mm,"Polyamide 6.6 high impact modified, heat and UV stabilized (PA66HIRHSUV)",8.4 mm
"Mini Ratchet P-Clamp, 0.15 - 0.31"" Bundle Dia., M8 Hole Dia., PA66HIRHSUV/ST/ZN, Black, 100/bg",https://www.hellermanntyton.us/products/151-03973/,180 °,7.874 mm,3.81 mm,67.7 mm,"Polyamide 6.6 high impact modified, heat and UV stabilized (PA66HIRHSUV)",8.4 mm
"Mini Ratchet P-Clamp, 0.15 - 0.31"" Bundle Dia., M6 Hole Dia., PA66HIRHSUV/ST/ZN, Black, 1000/carton",https://www.hellermanntyton.us/products/151-03624/,180 °,7.874 mm,3.81 mm,67.7 mm,"Polyamide 6.6 high impact modified, heat and UV stabilized (PA66HIRHSUV)",6.2 mm
"Mini Ratchet P-Clamp, 0.15 - 0.31"" Bundle Dia., M6 Hole Dia., PA66HIRHSUV/ST/ZN, Black, 100/bg",https://www.hellermanntyton.us/products/151-03974/,180 °,7.874 mm,3.81 mm,67.7 mm,"Polyamide 6.6 high impact modified, heat and UV stabilized (PA66HIRHSUV)",6.2 mm
"Mini Ratchet P-Clamp, 0.15 - 0.31"" Bundle Dia., 6.5mm Hole Dia., PA66HIRHSUV, Black, 1000/carton",https://www.hellermanntyton.us/products/151-03625/,180 °,7.874 mm,3.81 mm,67.7 mm,"Polyamide 6.6 high impact modified, heat and UV stabilized (PA66HIRHSUV)",6.5 mm
"Mini Ratchet P-Clamp, 0.15 - 0.31"" Bundle Dia., 6.5mm Hole Dia., PA66HIRHSUV, Black, 100/bg",https://www.hellermanntyton.us/products/151-03975/,180 °,7.874 mm,3.81 mm,67.7 mm,"Polyamide 6.6 high impact modified, heat and UV stabilized (PA66HIRHSUV)",6.5 mm
"Mini Ratchet P-Clamp, 0.15 - 0.31"" Bundle Dia., FT6.5, PA66HIRHSUV, Black, 1000/carton",https://www.hellermanntyton.us/products/151-03626/,,7.874 mm,3.81 mm,67.7 mm,"Polyamide 6.6 high impact modified, heat and UV stabilized (PA66HIRHSUV)",6.1 - 6.9 mm
"Mini Ratchet P-Clamp, 0.15 - 0.31"" Bundle Dia., FT6.5, PA66HIRHSUV, Black, 100/bg",https://www.hellermanntyton.us/products/151-03976/,,7.874 mm,3.81 mm,67.7 mm,"Polyamide 6.6 high impact modified, heat and UV stabilized (PA66HIRHSUV)",6.1 - 6.9 mm
